"mutasi_id","pegawai_id","instansi_asal_id","instansi_tujuan_id","tanggal_mutasi","jenis_mutasi"
1,5,12,47,2017-10-18,Rotasi
2,10,15,3,2000-10-20,Alih Tugas
3,10,40,3,2006-05-06,Alih Tugas
4,10,38,3,2011-08-04,Alih Tugas
5,17,2,35,2002-05-08,Rotasi
6,17,7,35,2005-06-06,Alih Tugas
7,17,44,35,2008-03-01,Promosi
8,34,24,10,2000-04-07,Alih Tugas
9,34,43,10,2006-02-09,Rotasi
10,40,2,43,2027-01-24,Promosi
11,48,42,23,2017-01-05,Rotasi
12,52,43,42,1999-08-20,Rotasi
13,52,35,42,2003-09-16,Rotasi
14,53,44,3,2003-02-15,Rotasi
15,53,44,3,2006-01-25,Rotasi
16,70,16,23,2025-08-01,Promosi
17,80,33,7,2010-11-20,Rotasi
18,80,37,7,2013-08-01,Rotasi
19,82,8,37,2024-08-03,Rotasi
20,86,38,9,2020-12-11,Rotasi
21,87,33,45,2014-12-12,Alih Tugas
22,87,34,45,2017-10-02,Rotasi
23,88,9,47,1999-12-28,Rotasi
24,89,3,23,1992-05-18,Rotasi
25,89,15,23,1998-11-01,Promosi
26,90,40,1,2028-09-26,Promosi
27,91,19,10,2008-10-18,Promosi
28,91,12,10,2011-07-13,Rotasi
29,102,8,28,1999-04-24,Alih Tugas
30,102,7,28,2003-08-10,Promosi
31,102,36,28,2007-10-07,Rotasi
32,104,14,20,2016-12-01,Rotasi
33,109,38,24,2017-12-16,Alih Tugas
34,115,39,14,2021-04-04,Alih Tugas
35,124,44,25,2023-02-07,Rotasi
36,127,18,29,1999-08-21,Rotasi
37,127,45,29,2004-05-10,Rotasi
38,127,15,29,2008-08-26,Rotasi
39,133,15,43,1999-11-16,Alih Tugas
40,144,27,35,2018-10-18,Promosi
41,159,2,43,2017-06-12,Rotasi
42,159,28,43,2022-06-03,Rotasi
43,167,28,37,2018-12-08,Promosi
44,168,44,2,2014-05-27,Promosi
45,175,44,1,2000-11-09,Promosi
46,175,47,1,2003-05-25,Rotasi
47,175,29,1,2006-02-17,Promosi
48,180,31,5,2025-10-21,Promosi
49,184,32,35,2023-04-04,Rotasi
50,193,20,19,2014-06-15,Rotasi
51,194,32,42,2007-11-25,Rotasi
52,194,12,42,2013-09-27,Rotasi
53,200,39,21,1997-11-14,Rotasi
54,200,11,21,2002-09-02,Rotasi
55,201,9,30,2010-06-21,Promosi
56,201,40,30,2015-01-01,Rotasi
57,207,7,11,2022-08-24,Rotasi
58,214,26,31,2012-01-16,Promosi
59,214,34,31,2017-10-10,Alih Tugas
60,227,38,10,2027-03-13,Promosi
61,230,44,8,2007-01-23,Promosi
62,230,39,8,2010-10-24,Rotasi
63,230,46,8,2015-04-13,Promosi
64,239,19,1,2021-08-02,Rotasi
65,248,42,36,2017-07-03,Promosi
66,248,28,36,2020-05-06,Promosi
67,250,28,19,2028-03-21,Promosi
68,253,16,33,2009-01-27,Rotasi
69,257,33,39,2006-09-13,Promosi
70,259,2,5,2019-08-28,Rotasi
71,261,18,12,1998-10-06,Rotasi
72,266,45,7,2029-08-26,Rotasi
73,267,42,18,2013-09-15,Rotasi
74,267,27,18,2017-04-16,Rotasi
75,280,30,24,2012-10-26,Rotasi
76,298,10,38,2026-02-21,Rotasi
77,309,4,9,2016-02-10,Alih Tugas
78,310,10,2,1996-02-25,Rotasi
79,313,15,31,2014-03-28,Rotasi
80,313,7,31,2019-07-11,Rotasi
81,319,8,35,2019-02-21,Promosi
82,320,33,31,2019-11-12,Rotasi
83,326,27,16,2015-04-19,Promosi
84,333,35,3,2018-12-23,Rotasi
85,333,7,3,2021-01-04,Alih Tugas
86,339,7,39,2029-02-21,Rotasi
87,342,34,9,2026-03-28,Rotasi
88,345,9,42,2025-01-18,Rotasi
89,347,24,18,2027-06-15,Rotasi
90,350,32,23,2008-11-06,Rotasi
91,360,32,5,2028-06-07,Alih Tugas
92,361,46,27,2021-11-15,Rotasi
93,363,31,28,2026-04-20,Alih Tugas
94,386,36,33,2006-01-26,Rotasi
95,387,2,11,2008-11-24,Rotasi
96,394,43,29,2018-01-04,Rotasi
97,394,42,29,2022-03-06,Rotasi
98,396,39,46,2015-04-22,Alih Tugas
99,396,7,46,2018-08-15,Promosi
100,399,37,29,2010-01-09,Rotasi
101,399,8,29,2016-12-01,Rotasi
102,403,2,20,1997-10-09,Promosi
103,403,16,20,2002-08-02,Alih Tugas
104,403,8,20,2005-07-08,Rotasi
105,410,40,16,2011-06-21,Rotasi
106,410,4,16,2015-05-09,Promosi
107,411,5,45,2006-06-08,Rotasi
108,416,31,23,2015-07-22,Rotasi
109,416,10,23,2018-08-27,Rotasi
110,426,6,12,1998-01-28,Rotasi
111,426,19,12,2001-08-12,Promosi
112,426,35,12,2006-07-15,Alih Tugas
113,428,22,46,2017-03-28,Alih Tugas
114,440,10,11,2024-11-23,Rotasi
115,441,4,47,1994-01-28,Rotasi
116,442,7,31,1998-08-10,Rotasi
117,442,22,31,2003-11-12,Rotasi
118,442,16,31,2006-04-21,Alih Tugas
119,444,4,20,2000-12-17,Rotasi
120,446,15,46,2015-08-01,Alih Tugas
121,454,8,41,2025-07-03,Rotasi
122,467,28,40,2028-11-06,Rotasi
123,468,15,9,1996-05-06,Rotasi
124,468,45,9,2002-04-15,Rotasi
125,470,22,16,2009-11-14,Rotasi
126,470,2,16,2012-10-20,Promosi
127,475,11,15,2009-01-13,Alih Tugas
128,475,20,15,2012-01-21,Rotasi
129,475,10,15,2018-05-28,Promosi
130,490,42,32,2000-05-12,Promosi
131,491,20,29,2009-04-28,Promosi
132,501,12,28,2007-12-04,Alih Tugas
133,501,23,28,2013-12-10,Rotasi
134,501,34,28,2017-06-18,Promosi
135,503,20,46,1998-03-17,Rotasi
136,503,37,46,2001-01-15,Promosi
137,517,47,45,1992-04-09,Rotasi
138,521,35,39,2027-04-11,Rotasi
139,529,40,21,2005-01-11,Rotasi
140,529,30,21,2010-01-02,Rotasi
141,540,23,15,2023-04-14,Promosi
142,550,13,46,2026-11-12,Rotasi
143,553,18,32,2011-10-04,Rotasi
144,557,22,45,2008-08-15,Promosi
145,557,35,45,2012-02-22,Alih Tugas
146,558,21,33,2027-07-28,Alih Tugas
147,565,33,47,1994-09-02,Rotasi
148,565,9,47,2000-06-05,Rotasi
149,565,45,47,2005-03-10,Rotasi
150,574,35,16,2010-09-14,Promosi
151,574,25,16,2016-01-17,Promosi
152,577,10,32,2008-09-15,Rotasi
153,580,22,43,2026-02-05,Promosi
154,583,43,46,2021-04-19,Rotasi
155,588,42,10,2007-09-22,Alih Tugas
156,592,19,41,1996-01-04,Alih Tugas
157,593,15,33,1995-02-20,Rotasi
158,599,10,23,2019-04-01,Rotasi
159,601,37,13,2025-10-04,Alih Tugas
160,604,22,24,2008-02-15,Rotasi
161,607,43,17,2016-01-06,Promosi
162,610,1,5,2005-04-10,Rotasi
163,616,8,16,2002-02-22,Rotasi
164,616,30,16,2005-12-24,Rotasi
165,616,23,16,2010-09-22,Alih Tugas
166,631,17,38,2025-03-14,Rotasi
167,656,6,10,1999-02-15,Rotasi
168,656,12,10,2002-01-25,Rotasi
169,660,23,18,1999-10-12,Rotasi
170,660,17,18,2005-11-27,Promosi
171,666,13,37,2003-10-10,Rotasi
172,667,39,17,1997-03-04,Alih Tugas
173,667,32,17,2000-05-06,Rotasi
174,669,16,13,2028-04-07,Alih Tugas
175,672,38,22,2015-11-24,Rotasi
176,672,21,22,2018-06-10,Rotasi
177,679,8,39,2012-08-15,Promosi
178,679,2,39,2015-04-28,Rotasi
179,682,35,1,2017-09-11,Rotasi
180,687,32,21,2011-04-07,Alih Tugas
181,696,27,8,2019-11-27,Rotasi
182,696,36,8,2023-05-11,Promosi
183,698,20,1,2029-12-08,Promosi
184,699,25,28,2011-12-15,Rotasi
185,699,13,28,2016-10-14,Promosi
186,700,21,43,2017-02-16,Rotasi
187,712,11,36,2025-05-13,Rotasi
188,715,18,37,1997-05-15,Rotasi
189,715,3,37,2001-03-05,Rotasi
190,715,28,37,2005-03-18,Rotasi
191,717,43,46,2021-01-15,Rotasi
192,718,18,10,2024-02-14,Rotasi
193,725,8,4,2027-12-07,Rotasi
194,736,47,7,2015-04-16,Promosi
195,736,37,7,2018-02-21,Alih Tugas
196,738,2,41,2014-02-08,Rotasi
197,738,4,41,2019-03-04,Promosi
198,741,13,15,2019-09-26,Promosi
199,741,31,15,2022-12-13,Promosi
200,747,24,2,2026-07-01,Alih Tugas
201,748,9,46,2019-03-26,Alih Tugas
202,748,13,46,2024-06-19,Rotasi
203,754,24,23,2028-03-09,Alih Tugas
204,755,34,25,1994-05-21,Alih Tugas
205,755,13,25,1998-03-15,Alih Tugas
206,755,30,25,2004-02-02,Promosi
207,758,17,31,2013-01-14,Promosi
208,759,47,29,2002-08-23,Rotasi
209,759,11,29,2006-04-26,Rotasi
210,763,42,3,2028-02-27,Alih Tugas
211,767,14,25,2019-09-26,Rotasi
212,767,24,25,2025-03-19,Alih Tugas
213,770,28,34,2019-01-23,Promosi
214,770,42,34,2025-04-04,Promosi
215,771,24,8,1998-08-26,Rotasi
216,771,3,8,2002-05-28,Rotasi
217,771,5,8,2006-09-01,Rotasi
218,777,17,1,2017-12-03,Promosi
219,788,7,16,2005-01-11,Alih Tugas
220,790,38,33,2020-01-20,Rotasi
221,794,7,17,1997-12-09,Rotasi
222,794,5,17,2000-05-01,Promosi
223,794,21,17,2006-08-23,Alih Tugas
224,797,38,10,2011-09-16,Promosi
225,801,36,28,2026-01-09,Promosi
226,808,20,10,2018-06-07,Rotasi
227,816,28,36,2010-09-04,Rotasi
228,817,46,35,2006-10-07,Rotasi
229,818,43,26,1996-05-01,Rotasi
230,818,22,26,2001-02-22,Alih Tugas
231,818,17,26,2005-01-13,Promosi
232,820,21,26,2003-09-21,Promosi
233,822,23,38,2017-07-14,Rotasi
234,828,43,23,2007-09-11,Alih Tugas
235,830,36,5,2026-04-20,Rotasi
236,835,28,21,2028-12-14,Rotasi
237,843,23,20,2017-01-05,Rotasi
238,843,18,20,2021-10-27,Rotasi
239,846,18,35,2016-05-26,Promosi
240,865,28,41,2029-11-20,Alih Tugas
241,871,13,42,2001-02-18,Rotasi
242,871,40,42,2006-11-08,Rotasi
243,871,6,42,2009-12-20,Rotasi
244,874,25,28,2027-06-01,Rotasi
245,878,15,40,2006-04-11,Alih Tugas
246,878,6,40,2011-12-17,Rotasi
247,878,28,40,2015-06-23,Promosi
248,881,22,37,2011-01-28,Rotasi
249,881,18,37,2014-06-03,Rotasi
250,889,44,23,2028-04-09,Promosi
251,891,47,1,2021-05-12,Alih Tugas
252,909,17,44,2022-12-16,Rotasi
253,910,11,35,2006-03-07,Alih Tugas
254,910,36,35,2009-08-04,Alih Tugas
255,915,33,29,2018-03-21,Alih Tugas
256,922,23,39,2025-06-06,Rotasi
257,948,31,27,2003-08-22,Alih Tugas
258,953,26,7,2016-02-15,Rotasi
259,953,43,7,2019-06-21,Rotasi
260,955,43,27,2024-01-17,Promosi
261,957,23,1,2016-01-04,Rotasi
262,964,10,34,2017-02-07,Rotasi
263,964,17,34,2021-06-12,Rotasi
264,967,21,13,2014-06-25,Rotasi
265,969,30,1,2005-08-07,Rotasi
266,970,17,10,1998-01-20,Promosi
267,970,12,10,2002-02-09,Alih Tugas
268,974,46,13,2017-12-07,Rotasi
269,974,20,13,2023-06-26,Rotasi
270,976,31,8,2008-10-11,Promosi
271,976,33,8,2011-10-24,Promosi
272,976,45,8,2014-02-27,Promosi
273,979,29,7,2017-12-11,Promosi
274,979,2,7,2021-06-21,Alih Tugas
275,981,42,39,2019-07-08,Alih Tugas
276,981,16,39,2025-12-12,Rotasi
277,983,10,18,2023-08-20,Rotasi
278,994,34,38,2028-11-20,Rotasi
279,995,46,25,2017-07-16,Alih Tugas
280,995,11,25,2021-03-23,Promosi
281,1000,12,2,2025-02-24,Promosi
282,1002,46,38,2002-01-24,Alih Tugas
283,1002,23,38,2006-12-23,Alih Tugas
284,1002,31,38,2010-10-06,Rotasi
285,1010,19,29,2025-04-01,Alih Tugas
286,1014,18,9,2016-03-07,Promosi
287,1014,18,9,2019-07-03,Promosi
288,1015,7,35,2026-04-16,Rotasi
289,1017,29,30,2001-11-02,Rotasi
290,1017,10,30,2007-12-01,Alih Tugas
291,1018,25,4,2006-11-02,Rotasi
292,1020,47,7,2006-10-23,Alih Tugas
293,1020,29,7,2009-06-24,Alih Tugas
294,1028,36,2,2028-09-02,Rotasi
295,1031,8,40,2017-08-15,Promosi
296,1042,22,34,2027-06-12,Rotasi
297,1045,42,37,2019-12-20,Rotasi
298,1047,15,43,2017-07-03,Rotasi
299,1050,21,32,2018-05-14,Rotasi
300,1050,25,32,2023-03-18,Alih Tugas
301,1064,36,25,2025-08-04,Promosi
302,1069,25,29,2020-01-03,Promosi
303,1084,39,9,2019-10-11,Rotasi
304,1084,30,9,2024-05-20,Rotasi
305,1088,47,44,2000-11-27,Rotasi
306,1089,37,38,2026-01-26,Promosi
307,1121,18,47,2006-03-09,Promosi
308,1121,30,47,2011-12-09,Promosi
309,1121,13,47,2014-10-01,Rotasi
310,1122,27,39,2023-01-19,Alih Tugas
311,1126,1,36,2013-03-08,Alih Tugas
312,1128,3,38,2014-08-09,Promosi
313,1128,44,38,2019-10-02,Alih Tugas
314,1134,36,12,2011-12-14,Rotasi
315,1134,26,12,2014-01-07,Rotasi
316,1138,4,41,2020-10-08,Rotasi
317,1142,6,24,2023-06-24,Promosi
318,1146,29,42,2027-03-10,Rotasi
319,1148,2,30,2003-04-05,Rotasi
320,1148,46,30,2006-10-19,Rotasi
321,1149,18,2,2008-04-11,Rotasi
322,1149,9,2,2011-08-03,Rotasi
323,1158,46,34,2024-04-22,Promosi
324,1171,44,14,2014-04-18,Alih Tugas
325,1171,32,14,2019-08-20,Alih Tugas
326,1173,15,46,2008-08-02,Rotasi
327,1186,25,40,2010-09-08,Alih Tugas
328,1193,18,35,2000-08-28,Rotasi
329,1194,25,35,2017-07-06,Alih Tugas
330,1194,34,35,2020-08-18,Rotasi
331,1195,7,43,1988-08-01,Promosi
332,1195,6,43,1991-10-24,Promosi
333,1195,44,43,1995-04-21,Rotasi
334,1196,3,30,2027-09-12,Alih Tugas
335,1201,37,12,2004-04-13,Rotasi
336,1201,6,12,2007-12-23,Rotasi
337,1201,33,12,2012-06-06,Rotasi
338,1202,29,5,2023-11-22,Promosi
339,1206,45,20,2027-11-17,Rotasi
340,1207,36,19,2019-08-12,Rotasi
341,1209,5,15,2018-09-11,Rotasi
342,1209,32,15,2021-01-12,Promosi
343,1226,13,28,2011-12-08,Rotasi
344,1226,20,28,2015-12-09,Rotasi
345,1234,28,19,2005-09-11,Rotasi
346,1234,30,19,2011-02-08,Rotasi
347,1249,25,5,2016-02-06,Rotasi
348,1250,27,24,2019-11-04,Promosi
349,1250,31,24,2024-01-23,Rotasi
350,1252,41,18,2028-12-15,Rotasi
351,1259,2,19,1991-08-25,Promosi
352,1261,41,20,1997-04-27,Rotasi
353,1261,40,20,2002-10-05,Promosi
354,1264,12,42,2013-10-26,Rotasi
355,1279,38,33,2004-12-26,Rotasi
356,1279,5,33,2009-10-19,Rotasi
357,1279,28,33,2014-03-15,Rotasi
358,1281,26,23,2007-12-23,Rotasi
359,1290,21,17,2029-03-08,Rotasi
360,1291,44,12,2021-05-10,Rotasi
361,1292,43,25,2004-04-14,Rotasi
362,1292,16,25,2009-01-13,Alih Tugas
363,1295,1,40,2028-02-17,Promosi
364,1301,21,7,2024-06-02,Promosi
365,1302,46,23,2029-12-05,Rotasi
366,1307,3,43,2012-11-14,Rotasi
367,1307,1,43,2018-08-04,Rotasi
368,1312,24,44,2013-08-08,Rotasi
369,1312,47,44,2016-05-26,Rotasi
370,1320,36,8,2022-08-27,Rotasi
371,1325,33,42,2029-06-22,Alih Tugas
372,1326,7,27,2009-02-04,Rotasi
373,1328,25,27,2019-01-19,Alih Tugas
374,1328,34,27,2024-10-09,Promosi
375,1330,33,46,2017-09-07,Rotasi
376,1330,21,46,2023-11-14,Promosi
377,1337,2,42,2020-01-23,Rotasi
378,1343,11,19,2003-12-11,Rotasi
379,1343,1,19,2008-06-21,Rotasi
380,1364,40,36,2018-09-05,Rotasi
381,1369,36,13,2017-04-04,Rotasi
382,1370,18,10,2018-03-27,Rotasi
383,1370,42,10,2021-07-15,Rotasi
384,1372,2,46,2028-02-17,Rotasi
385,1383,17,2,2012-12-18,Promosi
386,1390,1,28,2026-04-18,Rotasi
387,1397,30,27,2017-10-11,Rotasi
388,1398,16,31,2021-07-14,Rotasi
389,1399,18,28,2006-07-25,Rotasi
390,1422,23,24,2024-05-12,Promosi
391,1426,28,13,2028-06-24,Promosi
392,1428,23,29,2026-08-15,Alih Tugas
393,1446,23,20,2001-02-02,Rotasi
394,1446,1,20,2007-01-04,Promosi
395,1448,6,17,2027-09-05,Rotasi
396,1460,12,14,1999-09-14,Rotasi
397,1464,15,4,2008-08-26,Rotasi
398,1466,10,7,2027-08-20,Promosi
399,1469,13,6,2016-04-09,Rotasi
400,1473,39,33,2012-02-03,Alih Tugas
401,1482,21,1,2008-06-20,Promosi
402,1482,32,1,2013-02-09,Rotasi
403,1482,24,1,2017-11-10,Rotasi
404,1483,43,19,2009-11-05,Alih Tugas
405,1483,46,19,2013-08-18,Promosi
406,1494,37,41,2022-09-13,Promosi
407,1495,14,26,2022-10-21,Rotasi
408,1508,46,31,2018-07-10,Rotasi
409,1517,28,32,2007-06-23,Rotasi
410,1517,3,32,2012-03-10,Rotasi
411,1518,40,13,2020-10-21,Rotasi
412,1519,20,15,2004-03-24,Rotasi
413,1523,1,18,2029-03-16,Rotasi
414,1528,26,19,1997-10-16,Rotasi
415,1530,15,41,2011-03-16,Alih Tugas
416,1543,9,15,2018-04-09,Alih Tugas
417,1543,2,15,2023-11-21,Rotasi
418,1551,7,11,2003-07-19,Promosi
419,1551,28,11,2006-05-09,Rotasi
420,1553,15,25,2015-06-19,Alih Tugas
421,1553,28,25,2020-10-18,Rotasi
422,1554,20,43,2023-05-15,Promosi
423,1557,29,21,2006-06-17,Rotasi
424,1557,22,21,2009-11-16,Rotasi
425,1565,12,47,2028-09-07,Promosi
426,1571,31,34,2003-10-09,Alih Tugas
427,1571,13,34,2008-10-03,Promosi
428,1577,12,26,2020-01-03,Rotasi
429,1582,33,45,2007-12-06,Alih Tugas
430,1583,37,8,2006-02-15,Alih Tugas
431,1583,3,8,2010-05-12,Alih Tugas
432,1585,18,44,2005-08-24,Alih Tugas
433,1586,44,11,2025-07-13,Rotasi
434,1590,14,3,1992-01-12,Rotasi
435,1590,33,3,1996-01-09,Rotasi
436,1600,25,47,2025-07-21,Rotasi
437,1602,5,43,1999-09-10,Alih Tugas
438,1602,9,43,2002-04-25,Rotasi
439,1605,29,47,2014-04-07,Alih Tugas
440,1605,33,47,2019-09-09,Rotasi
441,1606,18,17,2028-05-23,Promosi
442,1619,45,40,2006-11-04,Promosi
443,1619,11,40,2009-06-24,Rotasi
444,1621,17,24,2027-07-13,Alih Tugas
445,1632,14,3,2019-08-16,Rotasi
446,1632,1,3,2024-07-02,Rotasi
447,1637,26,24,2003-12-10,Rotasi
448,1637,44,24,2007-02-07,Promosi
449,1637,8,24,2012-07-06,Rotasi
450,1639,44,12,2017-01-28,Rotasi
451,1639,36,12,2020-08-04,Promosi
452,1652,22,5,2009-08-28,Rotasi
453,1652,40,5,2013-07-28,Rotasi
454,1652,14,5,2018-06-01,Promosi
455,1653,31,4,2006-02-22,Rotasi
456,1653,33,4,2011-02-10,Promosi
457,1656,20,9,2002-11-20,Rotasi
458,1658,11,47,2014-11-13,Alih Tugas
459,1659,45,1,1997-04-02,Rotasi
460,1659,32,1,2001-03-15,Promosi
461,1659,4,1,2006-07-20,Rotasi
462,1673,43,15,1995-05-25,Rotasi
463,1676,13,30,2010-12-26,Rotasi
464,1714,33,20,2007-08-16,Promosi
465,1719,36,32,2019-08-14,Alih Tugas
466,1723,21,3,2028-05-11,Rotasi
467,1724,15,24,2027-01-22,Alih Tugas
468,1727,36,38,2006-11-25,Promosi
469,1742,39,20,2018-09-18,Rotasi
470,1742,40,20,2024-11-16,Promosi
471,1752,37,11,2016-08-23,Rotasi
472,1764,9,7,2019-01-22,Promosi
473,1781,41,3,2016-08-04,Rotasi
474,1781,1,3,2019-03-27,Rotasi
475,1784,18,15,2019-02-21,Alih Tugas
476,1800,12,19,2013-10-04,Rotasi
477,1800,12,19,2017-04-10,Alih Tugas
478,1804,10,13,2028-11-16,Rotasi
479,1809,43,40,2023-11-27,Promosi
480,1815,25,35,2015-08-20,Alih Tugas
481,1815,44,35,2019-06-25,Rotasi
482,1818,25,36,2010-05-10,Rotasi
483,1818,35,36,2015-07-18,Rotasi
484,1819,32,33,2027-05-08,Rotasi
485,1820,43,12,2028-11-06,Promosi
486,1825,39,35,2013-06-04,Promosi
487,1825,30,35,2018-12-22,Alih Tugas
488,1826,35,5,2002-04-09,Rotasi
489,1832,9,43,2029-03-20,Promosi
490,1837,28,6,1996-11-25,Rotasi
491,1843,16,17,2028-08-21,Rotasi
492,1845,25,36,2029-04-07,Alih Tugas
493,1848,31,27,2012-12-10,Rotasi
494,1848,35,27,2017-10-24,Alih Tugas
495,1849,32,7,2009-09-10,Alih Tugas
496,1849,5,7,2015-11-03,Rotasi
497,1849,6,7,2021-09-09,Rotasi
498,1854,16,40,2008-12-11,Alih Tugas
499,1861,35,12,1992-07-18,Promosi
500,1864,42,23,2004-10-09,Rotasi
501,1864,24,23,2007-05-03,Rotasi
502,1864,40,23,2011-12-08,Rotasi
503,1865,43,29,2001-08-07,Rotasi
504,1868,36,34,2013-03-25,Promosi
505,1868,47,34,2019-02-27,Alih Tugas
506,1872,14,37,2019-06-07,Alih Tugas
507,1872,7,37,2024-01-06,Rotasi
508,1884,26,15,2019-12-21,Promosi
509,1897,47,10,2016-01-16,Rotasi
510,1898,26,10,2029-08-11,Rotasi
511,1905,36,33,2027-03-02,Rotasi
512,1907,38,2,2020-09-25,Alih Tugas
513,1910,9,43,2016-07-22,Rotasi
514,1911,34,6,2019-06-04,Promosi
515,1912,43,17,2026-05-03,Rotasi
516,1916,36,18,2028-07-19,Alih Tugas
517,1917,24,5,2011-09-18,Rotasi
518,1921,23,1,2010-04-27,Alih Tugas
519,1926,12,13,1998-10-21,Rotasi
520,1926,38,13,2004-07-09,Promosi
521,1933,42,30,2027-10-15,Promosi
522,1940,7,19,2006-02-27,Rotasi
523,1940,13,19,2010-10-24,Promosi
524,1940,4,19,2014-03-13,Rotasi
525,1950,41,14,2006-12-23,Promosi
526,1950,31,14,2010-06-02,Rotasi
527,1954,9,1,2018-08-23,Rotasi
528,1954,18,1,2021-08-20,Rotasi
529,1965,4,16,1999-01-12,Rotasi
530,1969,1,5,2006-06-10,Rotasi
531,1973,4,46,2024-12-03,Promosi
532,1974,27,45,2018-11-08,Rotasi
533,1974,8,45,2024-09-16,Rotasi
534,1976,39,16,2011-04-08,Alih Tugas
535,1977,12,39,2005-01-09,Promosi
536,1977,18,39,2010-10-10,Rotasi
537,1977,20,39,2013-07-16,Alih Tugas
538,1978,27,30,2027-05-23,Rotasi
539,1982,5,42,2024-07-25,Rotasi
540,1983,18,17,2007-12-28,Alih Tugas
541,1983,15,17,2013-09-22,Rotasi
542,1983,20,17,2018-06-06,Rotasi
543,1984,32,21,2029-07-14,Promosi
544,2003,28,15,2019-07-15,Rotasi
545,2003,2,15,2023-04-13,Rotasi
546,2012,3,31,2026-01-22,Promosi
547,2016,4,10,2025-09-09,Rotasi
548,2018,46,5,2015-02-09,Rotasi
549,2021,29,6,2023-02-17,Rotasi
550,2027,32,3,2025-08-02,Rotasi
551,2034,47,20,2019-11-26,Alih Tugas
552,2034,6,20,2022-12-24,Promosi
553,2037,2,41,2006-01-09,Rotasi
554,2038,3,22,1999-02-27,Rotasi
555,2038,35,22,2004-03-07,Rotasi
556,2058,1,25,2014-10-22,Alih Tugas
557,2058,41,25,2018-01-14,Promosi
558,2066,33,47,2029-05-16,Rotasi
559,2070,37,47,2022-10-28,Alih Tugas
560,2073,33,15,2028-05-03,Alih Tugas
561,2075,15,12,2025-11-20,Alih Tugas
562,2076,13,22,2018-05-18,Alih Tugas
563,2076,36,22,2021-03-21,Alih Tugas
564,2092,31,11,2001-10-16,Alih Tugas
565,2092,39,11,2005-03-03,Promosi
566,2095,11,10,2029-11-11,Rotasi
567,2144,15,2,2010-10-06,Promosi
568,2148,33,24,2006-12-17,Rotasi
569,2148,22,24,2010-05-17,Rotasi
570,2148,26,24,2014-05-27,Alih Tugas
571,2151,13,25,2021-01-13,Rotasi
572,2161,11,38,2008-11-05,Promosi
573,2166,4,5,2007-07-09,Promosi
574,2174,19,36,2007-03-02,Rotasi
575,2180,45,24,2002-04-24,Rotasi
576,2187,15,5,2018-04-06,Promosi
577,2187,39,5,2022-09-27,Promosi
578,2195,5,33,2019-02-20,Rotasi
579,2195,9,33,2023-01-23,Alih Tugas
580,2206,35,40,1994-03-25,Promosi
581,2206,29,40,1997-07-18,Promosi
582,2209,3,22,2021-01-04,Rotasi
583,2215,43,19,2028-04-17,Rotasi
584,2217,7,43,2021-01-27,Rotasi
585,2220,6,16,2012-03-07,Alih Tugas
586,2220,12,16,2015-10-06,Promosi
587,2226,36,22,2018-01-02,Rotasi
588,2226,32,22,2021-07-10,Rotasi
589,2234,18,40,2008-03-20,Rotasi
590,2234,36,40,2013-06-20,Promosi
591,2234,20,40,2017-10-23,Rotasi
592,2237,35,19,1998-02-07,Rotasi
593,2237,37,19,2004-10-02,Rotasi
594,2237,35,19,2010-10-02,Promosi
595,2242,37,18,2021-11-26,Alih Tugas
596,2245,14,20,2023-12-06,Promosi
597,2246,24,34,2016-05-26,Alih Tugas
598,2251,14,35,2008-04-18,Rotasi
599,2251,40,35,2013-04-09,Rotasi
600,2257,45,38,1996-04-21,Rotasi
601,2260,38,8,2022-07-22,Rotasi
602,2262,38,37,2006-06-07,Rotasi
603,2266,32,43,2017-08-23,Rotasi
604,2266,27,43,2022-11-22,Promosi
605,2268,31,29,2010-08-04,Rotasi
606,2281,15,39,2003-10-08,Promosi
607,2281,45,39,2006-10-04,Rotasi
608,2283,43,30,2016-05-05,Rotasi
609,2283,32,30,2021-02-20,Rotasi
610,2284,32,26,2017-05-12,Alih Tugas
611,2286,7,10,1999-01-10,Rotasi
612,2286,17,10,2005-02-07,Rotasi
613,2286,23,10,2009-10-08,Rotasi
614,2290,11,42,2020-12-13,Promosi
615,2296,10,13,2008-01-16,Rotasi
616,2296,2,13,2014-04-02,Promosi
617,2296,19,13,2020-04-13,Rotasi
618,2299,2,33,2009-08-15,Promosi
619,2302,7,33,2024-06-21,Alih Tugas
620,2309,35,33,2005-05-07,Rotasi
621,2325,17,19,2004-12-26,Alih Tugas
622,2333,33,19,2013-12-24,Promosi
623,2334,12,7,2001-07-26,Rotasi
624,2334,38,7,2007-02-22,Rotasi
625,2335,20,30,1995-10-18,Promosi
626,2335,11,30,2001-03-13,Rotasi
627,2348,42,2,2024-05-26,Alih Tugas
628,2352,1,41,2018-08-04,Rotasi
629,2360,24,1,2000-06-01,Promosi
630,2360,22,1,2005-04-05,Rotasi
631,2360,31,1,2008-06-05,Alih Tugas
632,2361,39,41,1997-09-12,Alih Tugas
633,2361,3,41,2000-08-18,Alih Tugas
634,2361,26,41,2006-04-22,Alih Tugas
635,2370,31,25,1998-03-25,Rotasi
636,2370,10,25,2001-07-10,Rotasi
637,2371,20,27,2014-03-06,Rotasi
638,2371,34,27,2020-02-20,Promosi
639,2383,1,39,2008-06-06,Rotasi
640,2383,40,39,2014-11-01,Promosi
641,2384,4,7,2011-10-12,Rotasi
642,2384,31,7,2015-08-09,Rotasi
643,2395,12,22,1996-01-26,Rotasi
644,2395,40,22,1999-01-28,Promosi
645,2395,26,22,2002-08-17,Promosi
646,2396,34,14,2028-01-18,Promosi
647,2408,31,47,2020-09-28,Promosi
648,2413,11,39,1990-02-17,Rotasi
649,2413,5,39,1995-01-24,Alih Tugas
650,2415,13,41,2003-03-06,Promosi
651,2418,1,4,2006-11-21,Rotasi
652,2418,31,4,2011-03-06,Rotasi
653,2442,24,19,2000-08-13,Rotasi
654,2444,9,10,2026-05-05,Rotasi
655,2446,21,38,1998-04-19,Alih Tugas
656,2446,32,38,2003-09-05,Rotasi
657,2446,47,38,2007-12-21,Rotasi
658,2458,13,34,2002-04-21,Rotasi
659,2463,6,26,2008-05-17,Rotasi
660,2465,37,45,2007-12-20,Rotasi
661,2465,39,45,2012-11-13,Alih Tugas
662,2465,44,45,2015-01-03,Rotasi
663,2467,9,44,2009-05-22,Rotasi
664,2470,27,40,2008-01-21,Rotasi
665,2478,23,24,1995-03-10,Rotasi
666,2478,1,24,2000-09-14,Promosi
667,2478,1,24,2004-12-09,Promosi
668,2479,25,32,2027-08-07,Rotasi
669,2486,24,46,2016-02-24,Rotasi
670,2491,37,15,2028-06-17,Rotasi
671,2496,8,7,1996-03-16,Promosi
672,2503,16,15,2019-09-15,Alih Tugas
673,2509,22,20,2019-12-28,Rotasi
674,2509,3,20,2025-08-11,Rotasi
675,2511,31,24,2014-08-03,Rotasi
676,2511,47,24,2018-02-05,Promosi
677,2513,22,37,1994-06-04,Alih Tugas
678,2513,38,37,1997-05-27,Alih Tugas
679,2513,3,37,2002-10-01,Alih Tugas
680,2530,1,4,2011-06-20,Promosi
681,2530,33,4,2017-07-21,Promosi
682,2548,14,42,2005-04-02,Promosi
683,2548,38,42,2010-05-28,Promosi
684,2553,29,14,2025-08-07,Alih Tugas
685,2556,16,19,2027-01-01,Promosi
686,2561,9,31,2015-01-19,Rotasi
687,2569,5,2,2018-04-02,Rotasi
688,2573,10,5,2026-11-17,Rotasi
689,2581,10,20,1992-04-23,Rotasi
690,2582,3,33,2004-06-16,Alih Tugas
691,2582,18,33,2010-04-03,Alih Tugas
692,2583,12,16,2023-02-24,Promosi
693,2585,1,17,2024-12-11,Rotasi
694,2590,34,47,2028-01-06,Rotasi
695,2596,20,4,2011-03-15,Promosi
696,2602,47,33,2009-11-10,Rotasi
697,2602,1,33,2014-08-27,Promosi
698,2603,30,39,2008-06-11,Rotasi
699,2608,23,27,2013-02-01,Rotasi
700,2608,35,27,2019-09-18,Alih Tugas
701,2613,42,36,2004-11-23,Rotasi
702,2613,37,36,2007-11-02,Alih Tugas
703,2613,14,36,2011-01-22,Promosi
704,2616,11,12,2019-06-04,Promosi
705,2616,1,12,2022-07-13,Rotasi
706,2621,11,25,2021-05-19,Rotasi
707,2637,34,31,2021-08-12,Rotasi
708,2646,19,33,1992-11-20,Alih Tugas
709,2646,30,33,1996-06-08,Rotasi
710,2662,24,25,2026-08-14,Promosi
711,2667,15,17,2029-10-27,Promosi
712,2669,40,11,2004-05-07,Rotasi
713,2669,44,11,2008-01-15,Alih Tugas
714,2675,24,10,2028-07-08,Alih Tugas
715,2676,39,14,2009-05-11,Rotasi
716,2676,25,14,2012-06-15,Promosi
717,2676,10,14,2017-06-25,Promosi
718,2683,39,9,2023-07-19,Alih Tugas
719,2693,22,19,1997-11-06,Rotasi
720,2693,8,19,2001-05-14,Rotasi
721,2693,30,19,2005-03-09,Alih Tugas
722,2698,47,44,2023-04-09,Rotasi
723,2701,40,1,2019-02-04,Rotasi
724,2701,46,1,2025-09-16,Promosi
725,2710,16,15,2026-07-12,Rotasi
726,2715,39,27,2006-09-15,Rotasi
727,2715,40,27,2009-04-11,Alih Tugas
728,2715,21,27,2012-11-28,Rotasi
729,2719,16,42,2018-07-12,Promosi
730,2719,14,42,2023-11-10,Rotasi
731,2724,20,16,1996-11-14,Rotasi
732,2724,40,16,2002-11-28,Rotasi
733,2724,35,16,2006-01-11,Alih Tugas
734,2734,26,6,2023-10-17,Rotasi
735,2738,16,47,2027-11-04,Rotasi
736,2740,17,21,2014-09-16,Alih Tugas
737,2745,21,26,2006-07-22,Promosi
738,2745,46,26,2012-04-01,Alih Tugas
739,2745,42,26,2018-06-11,Rotasi
740,2746,32,35,2001-09-22,Promosi
741,2746,36,35,2007-07-15,Promosi
742,2746,39,35,2012-11-27,Rotasi
743,2750,32,28,2015-01-04,Promosi
744,2750,18,28,2018-12-21,Alih Tugas
745,2760,47,1,2001-05-02,Rotasi
746,2766,16,6,2016-12-28,Rotasi
747,2767,16,17,2011-08-25,Promosi
748,2769,47,4,2003-08-03,Rotasi
749,2769,14,4,2006-04-27,Rotasi
750,2772,37,14,2023-02-24,Alih Tugas
751,2787,6,22,2008-07-25,Promosi
752,2787,30,22,2011-10-15,Rotasi
753,2790,7,6,2000-05-21,Rotasi
754,2790,42,6,2003-01-05,Promosi
755,2790,1,6,2007-11-28,Rotasi
756,2804,8,25,2026-10-13,Rotasi
757,2807,27,37,2025-09-21,Rotasi
758,2817,33,4,2017-11-15,Promosi
759,2826,37,8,2018-04-03,Rotasi
760,2826,14,8,2021-08-13,Promosi
761,2831,43,36,2025-09-28,Rotasi
762,2844,10,13,2005-11-11,Rotasi
763,2844,38,13,2008-04-17,Alih Tugas
764,2857,30,33,2028-02-25,Rotasi
765,2858,44,15,1994-04-08,Rotasi
766,2858,46,15,1999-04-01,Rotasi
767,2866,25,5,2007-03-23,Rotasi
768,2876,39,8,2014-11-27,Promosi
769,2881,25,1,2008-06-06,Promosi
770,2886,6,39,2020-11-07,Rotasi
771,2893,34,24,1992-08-15,Promosi
772,2900,20,24,2013-10-06,Promosi
773,2905,10,43,2026-04-21,Promosi
774,2912,7,4,2011-10-18,Alih Tugas
775,2912,43,4,2015-08-18,Promosi
776,2930,25,22,2019-02-22,Alih Tugas
777,2932,23,45,2024-04-26,Rotasi
778,2936,24,34,1997-09-12,Rotasi
779,2941,24,16,2009-09-07,Promosi
780,2945,30,14,2003-12-17,Promosi
781,2951,13,23,2028-04-04,Rotasi
782,2962,17,39,1992-10-24,Promosi
783,2988,21,39,2023-04-20,Promosi
784,2989,26,38,2007-11-22,Promosi
785,3004,45,6,2008-11-12,Rotasi
786,3004,21,6,2012-06-25,Alih Tugas
787,3004,21,6,2018-02-01,Rotasi
788,3005,44,42,2007-10-01,Rotasi
789,3005,46,42,2011-09-24,Rotasi
790,3007,46,20,2021-10-18,Alih Tugas
791,3014,26,10,1997-04-07,Alih Tugas
792,3014,19,10,2002-03-22,Rotasi
793,3026,3,13,2002-11-01,Alih Tugas
794,3026,12,13,2008-07-12,Alih Tugas
795,3031,9,38,2002-07-11,Promosi
796,3031,28,38,2006-05-27,Rotasi
797,3031,39,38,2009-08-25,Promosi
798,3047,26,6,2002-02-07,Rotasi
799,3047,45,6,2005-02-19,Promosi
800,3054,1,7,2014-08-27,Rotasi
801,3064,5,12,2022-05-17,Rotasi
802,3074,36,1,2006-09-20,Promosi
803,3074,35,1,2010-06-03,Promosi
804,3078,9,16,2027-06-06,Rotasi
805,3082,14,42,2018-02-28,Rotasi
806,3084,40,27,2029-02-27,Promosi
807,3085,39,41,2012-02-28,Promosi
808,3085,35,41,2017-11-24,Rotasi
809,3091,27,2,2017-11-03,Rotasi
810,3091,15,2,2022-04-25,Alih Tugas
811,3093,8,40,1999-08-17,Rotasi
812,3093,45,40,2002-08-23,Alih Tugas
813,3093,20,40,2008-07-04,Promosi
814,3104,22,28,2003-06-14,Rotasi
815,3104,25,28,2009-12-23,Rotasi
816,3104,14,28,2015-06-11,Promosi
817,3118,3,21,2009-02-15,Rotasi
818,3118,32,21,2013-07-08,Rotasi
819,3124,22,40,2029-09-26,Promosi
820,3151,15,45,2028-08-11,Rotasi
821,3153,45,47,2012-03-07,Rotasi
822,3153,11,47,2016-10-03,Promosi
823,3162,32,17,2026-08-10,Alih Tugas
824,3167,43,14,2024-07-16,Alih Tugas
825,3170,19,14,2002-06-23,Rotasi
826,3172,28,47,2014-01-07,Alih Tugas
827,3172,25,47,2020-01-20,Rotasi
828,3174,33,31,2004-10-12,Rotasi
829,3174,43,31,2007-05-27,Alih Tugas
830,3174,20,31,2013-05-26,Promosi
831,3179,35,4,2029-11-03,Alih Tugas
832,3189,44,20,2028-03-17,Alih Tugas
833,3203,13,39,2025-12-15,Alih Tugas
834,3211,14,21,2005-07-21,Alih Tugas
835,3212,16,11,2018-07-24,Rotasi
836,3212,40,11,2022-03-17,Alih Tugas
837,3214,11,27,2028-07-03,Alih Tugas
838,3222,38,37,2018-09-16,Alih Tugas
839,3222,45,37,2024-02-25,Promosi
840,3229,42,21,1995-03-23,Rotasi
841,3251,19,22,2000-07-17,Rotasi
842,3251,23,22,2004-04-03,Rotasi
843,3251,19,22,2008-10-15,Alih Tugas
844,3254,3,35,1998-06-13,Rotasi
845,3254,15,35,2002-12-03,Promosi
846,3265,24,17,2014-12-27,Rotasi
847,3265,22,17,2018-09-26,Promosi
848,3270,20,4,2003-02-12,Rotasi
849,3270,31,4,2008-01-16,Rotasi
850,3270,28,4,2011-06-04,Alih Tugas
851,3272,45,14,2013-01-16,Rotasi
852,3272,3,14,2017-10-03,Rotasi
853,3286,29,9,2027-01-21,Rotasi
854,3287,11,12,2007-08-03,Alih Tugas
855,3287,39,12,2010-01-05,Rotasi
856,3287,10,12,2015-10-23,Alih Tugas
857,3311,15,26,2019-12-19,Alih Tugas
858,3312,24,20,2015-03-19,Alih Tugas
859,3312,46,20,2021-07-17,Alih Tugas
860,3313,36,8,2026-12-14,Alih Tugas
861,3314,26,38,2026-12-19,Alih Tugas
862,3324,3,9,2026-06-19,Rotasi
863,3333,12,26,2018-07-04,Rotasi
864,3333,41,26,2021-11-24,Alih Tugas
865,3336,13,42,2008-03-26,Alih Tugas
866,3336,7,42,2011-10-15,Alih Tugas
867,3336,36,42,2016-07-02,Rotasi
868,3339,11,23,2001-12-09,Rotasi
869,3339,17,23,2006-01-28,Alih Tugas
870,3339,5,23,2009-06-07,Promosi
871,3340,2,30,2023-02-09,Rotasi
872,3347,22,17,2025-06-07,Promosi
873,3349,42,33,2028-08-05,Alih Tugas
874,3353,42,19,2016-06-13,Rotasi
875,3356,19,20,2026-01-11,Alih Tugas
876,3357,11,12,2012-08-14,Rotasi
877,3357,32,12,2015-10-17,Rotasi
878,3378,44,19,2004-08-17,Promosi
879,3379,3,22,2009-10-20,Rotasi
880,3379,9,22,2013-08-28,Rotasi
881,3386,25,27,2017-12-21,Promosi
882,3393,26,31,2003-10-09,Alih Tugas
883,3407,31,25,2019-12-08,Rotasi
884,3407,32,25,2023-11-15,Rotasi
885,3408,8,16,2026-08-13,Alih Tugas
886,3412,6,22,2013-07-08,Rotasi
887,3412,29,22,2017-03-01,Alih Tugas
888,3426,45,27,2012-11-12,Alih Tugas
889,3426,45,27,2018-09-07,Rotasi
890,3427,22,29,2028-05-05,Rotasi
891,3428,14,28,2011-10-06,Rotasi
892,3428,39,28,2014-10-27,Rotasi
893,3438,29,39,2016-07-11,Rotasi
894,3439,40,22,2021-12-28,Promosi
895,3444,47,18,2005-02-06,Promosi
896,3446,18,1,2017-06-04,Alih Tugas
897,3449,44,31,2028-04-01,Promosi
898,3460,17,6,2029-10-21,Rotasi
899,3461,10,19,2024-01-06,Rotasi
900,3462,15,27,2015-08-24,Promosi
901,3462,22,27,2020-09-19,Alih Tugas
902,3465,42,6,2027-11-08,Promosi
903,3466,34,24,2026-03-11,Rotasi
904,3469,16,28,2019-09-13,Rotasi
905,3469,21,28,2022-07-04,Rotasi
906,3476,43,1,2019-08-22,Rotasi
907,3476,10,1,2024-07-21,Rotasi
908,3487,46,6,2022-11-13,Rotasi
909,3493,29,39,2001-12-17,Promosi
910,3493,21,39,2005-12-12,Promosi
911,3496,45,33,2024-09-04,Rotasi
912,3500,47,2,2029-08-05,Rotasi
913,3504,21,17,2017-10-12,Promosi
914,3504,1,17,2021-04-25,Alih Tugas
915,3505,4,18,2025-07-03,Rotasi
916,3509,2,15,2027-09-05,Rotasi
917,3522,45,25,2026-04-25,Promosi
918,3540,6,22,2017-06-07,Promosi
919,3544,8,47,2005-08-27,Promosi
920,3544,17,47,2009-06-24,Alih Tugas
921,3565,18,1,2025-11-24,Rotasi
922,3572,1,19,2013-12-14,Rotasi
923,3572,43,19,2016-06-17,Rotasi
924,3577,37,13,2027-01-19,Rotasi
925,3579,31,43,1999-12-09,Rotasi
926,3579,1,43,2002-10-17,Alih Tugas
927,3581,14,12,2009-09-27,Alih Tugas
928,3581,40,12,2015-06-17,Alih Tugas
929,3581,28,12,2018-05-12,Rotasi
930,3585,32,43,2002-04-05,Rotasi
931,3585,40,43,2007-12-12,Promosi
932,3585,45,43,2010-09-09,Rotasi
933,3587,31,18,2021-01-28,Rotasi
934,3589,28,6,2018-10-26,Rotasi
935,3589,44,6,2024-09-13,Promosi
936,3591,47,38,2026-05-16,Rotasi
937,3598,20,9,2003-01-16,Promosi
938,3598,45,9,2009-05-13,Rotasi
939,3598,19,9,2013-02-19,Rotasi
940,3600,41,20,2003-09-09,Rotasi
941,3608,10,16,2015-04-02,Rotasi
942,3608,40,16,2020-02-12,Rotasi
943,3612,15,41,2028-05-09,Promosi
944,3615,36,35,2008-07-06,Rotasi
945,3622,35,34,2022-03-03,Rotasi
946,3629,12,23,2025-02-22,Rotasi
947,3630,10,30,1991-03-25,Promosi
948,3630,4,30,1996-02-09,Rotasi
949,3630,12,30,1999-01-18,Rotasi
950,3634,28,25,2028-05-24,Promosi
951,3638,36,17,2027-02-04,Rotasi
952,3639,18,44,2028-01-20,Alih Tugas
953,3646,22,4,2028-06-08,Rotasi
954,3660,27,12,2022-06-02,Rotasi
955,3663,34,16,2019-07-06,Rotasi
956,3669,31,26,2017-12-08,Alih Tugas
957,3669,20,26,2023-09-04,Promosi
958,3683,26,44,2010-05-04,Promosi
959,3683,1,44,2014-10-11,Alih Tugas
960,3688,10,35,2005-09-28,Rotasi
961,3688,4,35,2008-03-18,Rotasi
962,3694,37,39,2026-11-05,Alih Tugas
963,3702,32,33,2007-03-20,Rotasi
964,3702,2,33,2012-07-06,Alih Tugas
965,3702,14,33,2016-11-17,Promosi
966,3717,26,16,2016-01-04,Alih Tugas
967,3717,40,16,2022-12-28,Rotasi
968,3718,1,30,2028-11-26,Promosi
969,3725,39,31,2029-09-13,Alih Tugas
970,3737,47,31,2025-07-18,Rotasi
971,3742,26,31,2007-03-18,Rotasi
972,3742,21,31,2013-11-07,Rotasi
973,3743,14,17,2020-10-07,Rotasi
974,3744,42,7,2014-07-16,Alih Tugas
975,3744,11,7,2020-12-15,Alih Tugas
976,3747,47,14,2005-11-26,Rotasi
977,3749,29,46,2018-08-10,Promosi
978,3749,41,46,2021-11-24,Rotasi
979,3752,30,9,2024-02-13,Rotasi
980,3757,43,38,2006-02-08,Rotasi
981,3757,12,38,2012-04-21,Rotasi
982,3761,4,8,2006-07-27,Rotasi
983,3772,22,47,2003-11-25,Rotasi
984,3778,31,47,1999-04-05,Rotasi
985,3778,34,47,2005-05-25,Rotasi
986,3783,20,6,2015-02-27,Promosi
987,3786,37,4,2027-08-21,Alih Tugas
988,3791,11,29,1999-09-07,Rotasi
989,3791,33,29,2004-01-28,Promosi
990,3791,34,29,2007-06-26,Promosi
991,3803,26,14,2027-12-07,Rotasi
992,3804,9,24,1999-05-19,Rotasi
993,3804,8,24,2002-06-08,Alih Tugas
994,3810,13,22,2006-02-22,Rotasi
995,3810,33,22,2011-03-05,Rotasi
996,3816,42,38,2014-04-23,Rotasi
997,3821,36,18,2005-07-03,Rotasi
998,3829,23,32,2024-09-17,Rotasi
999,3830,35,15,2026-11-06,Promosi
1000,3834,35,27,2009-10-22,Alih Tugas
1001,3842,5,34,2009-10-20,Promosi
1002,3849,41,13,2017-12-20,Promosi
1003,3852,7,11,2019-09-27,Promosi
1004,3855,40,3,2013-11-14,Rotasi
1005,3862,39,24,2003-01-11,Rotasi
1006,3862,44,24,2009-09-23,Rotasi
1007,3862,35,24,2013-07-06,Promosi
1008,3863,12,24,2003-11-05,Promosi
1009,3863,25,24,2008-12-17,Rotasi
1010,3865,12,46,2006-07-02,Alih Tugas
1011,3877,11,18,1996-09-14,Alih Tugas
1012,3877,37,18,2000-12-19,Promosi
1013,3877,41,18,2006-02-23,Rotasi
1014,3878,46,18,2006-05-23,Rotasi
1015,3878,27,18,2009-10-17,Promosi
1016,3883,43,17,2016-11-18,Promosi
1017,3883,2,17,2021-02-28,Rotasi
1018,3891,16,23,2021-06-01,Rotasi
1019,3913,7,24,2008-10-14,Alih Tugas
1020,3918,10,8,2005-12-21,Alih Tugas
1021,3936,14,6,2008-10-06,Rotasi
1022,3952,36,10,2016-07-13,Rotasi
1023,3955,18,32,2017-10-01,Alih Tugas
1024,3955,8,32,2021-09-07,Alih Tugas
1025,3967,44,29,2028-02-01,Rotasi
1026,3976,26,28,2017-05-14,Rotasi
1027,3976,35,28,2023-05-10,Alih Tugas
1028,3979,12,34,2027-10-19,Promosi
1029,3982,19,35,2005-05-01,Rotasi
1030,3982,13,35,2008-05-02,Promosi
1031,3982,3,35,2011-03-11,Rotasi
1032,3988,40,21,2025-08-16,Alih Tugas
1033,3992,26,31,2018-02-23,Rotasi
1034,3992,40,31,2022-08-02,Promosi
1035,3994,45,14,1994-12-10,Promosi
1036,4005,28,2,2018-04-19,Rotasi
1037,4006,34,41,2006-06-27,Alih Tugas
1038,4013,35,37,2025-05-21,Promosi
1039,4019,9,14,2012-12-25,Alih Tugas
1040,4019,36,14,2018-09-11,Rotasi
1041,4036,10,18,2027-03-15,Promosi
1042,4046,47,14,2028-04-10,Rotasi
1043,4048,46,19,1994-12-17,Promosi
1044,4050,32,20,2025-09-12,Alih Tugas
1045,4062,47,36,2014-06-15,Rotasi
1046,4062,25,36,2017-04-01,Rotasi
1047,4064,19,3,2021-09-11,Rotasi
1048,4066,47,33,2016-09-25,Alih Tugas
1049,4066,6,33,2019-08-20,Promosi
1050,4067,20,34,2002-07-15,Alih Tugas
1051,4067,40,34,2006-12-09,Promosi
1052,4067,47,34,2009-12-14,Promosi
1053,4087,17,38,2007-06-20,Promosi
1054,4087,33,38,2012-07-04,Rotasi
1055,4087,26,38,2018-07-01,Alih Tugas
1056,4101,39,32,2006-06-24,Alih Tugas
1057,4102,30,38,2020-11-09,Promosi
1058,4106,24,36,2006-04-01,Rotasi
1059,4110,28,45,2021-07-19,Alih Tugas
1060,4111,17,22,2004-11-03,Rotasi
1061,4111,29,22,2009-10-14,Rotasi
1062,4111,17,22,2012-07-13,Promosi
1063,4116,4,29,2024-11-03,Rotasi
1064,4120,6,42,2026-06-26,Promosi
1065,4132,36,30,2027-06-13,Rotasi
1066,4137,44,21,2015-02-14,Promosi
1067,4140,34,23,1993-07-26,Rotasi
1068,4140,35,23,1996-07-03,Rotasi
1069,4140,30,23,2001-09-13,Alih Tugas
1070,4141,40,10,2002-12-22,Promosi
1071,4141,22,10,2006-07-15,Alih Tugas
1072,4141,3,10,2010-05-28,Rotasi
1073,4146,23,39,2017-11-04,Rotasi
1074,4150,30,27,2007-08-22,Alih Tugas
1075,4150,2,27,2011-10-05,Rotasi
1076,4160,47,22,2015-06-13,Rotasi
1077,4176,14,34,2004-04-12,Rotasi
1078,4176,35,34,2008-06-20,Rotasi
1079,4176,27,34,2014-03-24,Alih Tugas
1080,4180,26,25,2003-05-05,Promosi
1081,4183,14,31,2026-06-10,Rotasi
1082,4185,31,20,2000-12-21,Promosi
1083,4185,22,20,2004-08-20,Rotasi
1084,4194,24,11,1991-04-27,Rotasi
1085,4200,5,46,2024-03-20,Rotasi
1086,4205,24,40,2026-02-08,Promosi
1087,4213,14,30,2002-04-21,Rotasi
1088,4213,25,30,2008-04-01,Rotasi
1089,4213,24,30,2011-11-01,Rotasi
1090,4215,25,12,2014-07-01,Promosi
1091,4215,20,12,2017-06-17,Rotasi
1092,4223,12,47,2023-07-06,Promosi
1093,4228,33,21,2011-10-13,Rotasi
1094,4228,17,21,2015-11-08,Rotasi
1095,4229,33,37,2021-02-23,Rotasi
1096,4231,4,13,2026-07-08,Alih Tugas
1097,4234,42,7,2005-01-03,Rotasi
1098,4234,45,7,2010-09-02,Rotasi
1099,4239,31,45,2014-02-16,Promosi
1100,4245,9,33,2017-04-23,Promosi
1101,4268,40,19,2023-08-17,Rotasi
1102,4275,47,15,2008-01-28,Promosi
1103,4280,24,29,2010-08-16,Promosi
1104,4280,35,29,2015-06-26,Rotasi
1105,4281,4,39,2004-11-02,Rotasi
1106,4281,47,39,2008-12-10,Rotasi
1107,4292,29,23,2002-04-16,Rotasi
1108,4294,17,30,2016-01-26,Promosi
1109,4301,33,38,2024-07-09,Rotasi
1110,4302,31,35,2024-02-16,Promosi
1111,4303,14,7,2007-02-26,Rotasi
1112,4303,10,7,2010-12-26,Alih Tugas
1113,4307,38,32,2015-08-26,Rotasi
1114,4311,20,8,1988-07-03,Promosi
1115,4312,18,1,2026-10-21,Promosi
1116,4327,17,22,1998-01-23,Rotasi
1117,4327,6,22,2003-11-15,Promosi
1118,4333,39,20,2016-04-07,Rotasi
1119,4333,47,20,2021-02-16,Promosi
1120,4344,12,16,2017-12-06,Promosi
1121,4344,47,16,2023-05-23,Rotasi
1122,4345,40,3,2007-03-16,Alih Tugas
1123,4345,20,3,2011-02-09,Rotasi
1124,4354,9,38,2016-04-07,Rotasi
1125,4358,7,36,2020-11-12,Rotasi
1126,4371,2,35,2005-03-28,Rotasi
1127,4377,44,31,2019-04-01,Promosi
1128,4377,12,31,2022-03-19,Alih Tugas
1129,4378,24,20,2024-10-10,Rotasi
1130,4380,16,34,2023-01-21,Rotasi
1131,4381,29,1,2018-04-27,Promosi
1132,4381,39,1,2021-04-18,Rotasi
1133,4384,31,8,2010-12-13,Alih Tugas
1134,4385,20,5,2027-12-14,Alih Tugas
1135,4387,14,35,2026-10-05,Promosi
1136,4398,15,36,2011-07-03,Rotasi
1137,4398,10,36,2017-10-17,Alih Tugas
1138,4414,21,1,2024-07-22,Promosi
1139,4416,43,10,2008-02-23,Promosi
1140,4416,24,10,2011-07-10,Alih Tugas
1141,4416,21,10,2016-02-25,Rotasi
1142,4424,40,31,1998-05-15,Promosi
1143,4424,22,31,2002-09-28,Promosi
1144,4426,5,17,2000-10-03,Alih Tugas
1145,4426,45,17,2004-07-24,Alih Tugas
1146,4426,42,17,2008-09-13,Rotasi
1147,4427,41,16,2024-01-18,Rotasi
1148,4432,39,34,2018-05-18,Promosi
1149,4432,21,34,2023-01-12,Rotasi
1150,4434,14,36,2027-04-21,Rotasi
1151,4443,4,37,2007-01-14,Promosi
1152,4446,14,45,2006-01-01,Rotasi
1153,4453,13,32,2004-10-12,Promosi
1154,4453,10,32,2010-01-11,Alih Tugas
1155,4454,32,33,2025-08-22,Alih Tugas
1156,4456,4,11,2004-07-03,Rotasi
1157,4456,7,11,2007-09-19,Promosi
1158,4461,44,32,2017-09-02,Alih Tugas
1159,4476,45,18,2015-08-16,Rotasi
1160,4479,15,45,2025-02-08,Promosi
1161,4484,5,7,2019-03-27,Promosi
1162,4487,12,30,2023-11-20,Alih Tugas
1163,4488,15,14,2007-04-12,Alih Tugas
1164,4488,27,14,2010-03-16,Rotasi
1165,4489,2,25,2006-11-10,Promosi
1166,4489,8,25,2012-08-09,Rotasi
1167,4492,7,22,2010-05-22,Rotasi
1168,4496,46,10,2016-09-20,Rotasi
1169,4496,36,10,2022-08-25,Rotasi
1170,4503,19,47,2027-10-28,Rotasi
1171,4508,42,15,2016-07-14,Promosi
1172,4508,18,15,2021-08-02,Alih Tugas
1173,4512,8,35,2014-07-26,Rotasi
1174,4524,10,29,2008-09-24,Alih Tugas
1175,4525,47,34,1993-02-12,Rotasi
1176,4525,13,34,1997-04-02,Rotasi
1177,4545,9,43,1997-05-14,Rotasi
1178,4545,3,43,2002-10-23,Rotasi
1179,4549,31,34,2027-05-02,Promosi
1180,4552,32,17,2001-10-27,Promosi
1181,4555,1,25,2020-09-17,Rotasi
1182,4561,26,19,2027-08-16,Rotasi
1183,4565,27,39,2029-11-10,Promosi
1184,4569,14,32,2028-04-02,Rotasi
1185,4570,34,5,2029-05-05,Promosi
1186,4571,32,9,2025-01-08,Rotasi
1187,4573,16,23,2026-07-12,Rotasi
1188,4578,21,11,2022-02-06,Rotasi
1189,4584,37,46,2003-03-25,Rotasi
1190,4586,9,12,2021-10-13,Promosi
1191,4595,16,39,2005-11-02,Rotasi
1192,4595,43,39,2010-11-01,Rotasi
1193,4595,12,39,2014-10-20,Rotasi
1194,4609,44,25,1994-10-03,Alih Tugas
1195,4611,33,23,2014-12-12,Rotasi
1196,4611,26,23,2017-09-12,Promosi
1197,4616,38,2,2028-12-26,Rotasi
1198,4629,31,35,2001-03-08,Promosi
1199,4629,7,35,2007-07-03,Promosi
1200,4631,23,13,2003-07-02,Promosi
1201,4631,5,13,2009-02-21,Rotasi
1202,4633,6,13,2001-02-19,Rotasi
1203,4633,36,13,2007-04-07,Rotasi
1204,4635,46,45,2016-05-28,Rotasi
1205,4635,8,45,2019-08-19,Rotasi
1206,4640,16,8,2011-04-08,Rotasi
1207,4643,12,32,2009-08-18,Rotasi
1208,4643,20,32,2013-09-15,Alih Tugas
1209,4644,29,9,2017-12-18,Rotasi
1210,4646,25,4,2016-09-22,Rotasi
1211,4652,5,4,2021-11-18,Rotasi
1212,4656,5,24,2003-06-02,Rotasi
1213,4657,42,37,2019-12-12,Rotasi
1214,4657,1,37,2022-08-02,Rotasi
1215,4660,28,9,2011-10-20,Rotasi
1216,4663,33,42,2007-11-10,Alih Tugas
1217,4663,44,42,2010-01-18,Promosi
1218,4663,19,42,2015-08-21,Alih Tugas
1219,4666,44,20,2022-11-02,Promosi
1220,4668,23,12,2027-04-25,Alih Tugas
1221,4670,27,35,2029-04-12,Alih Tugas
1222,4671,20,15,2011-05-03,Rotasi
1223,4673,23,33,2002-07-15,Promosi
1224,4673,43,33,2007-12-03,Rotasi
1225,4673,32,33,2011-09-20,Rotasi
1226,4683,23,1,2028-11-13,Rotasi
1227,4687,30,41,2023-02-11,Promosi
1228,4691,37,41,2014-07-17,Promosi
1229,4702,15,27,2012-01-08,Promosi
1230,4705,34,35,2024-04-26,Rotasi
1231,4715,22,21,2017-05-24,Rotasi
1232,4718,19,42,2009-03-20,Rotasi
1233,4718,41,42,2013-10-11,Rotasi
1234,4718,18,42,2016-03-24,Rotasi
1235,4721,18,39,2017-11-02,Rotasi
1236,4721,30,39,2023-04-08,Promosi
1237,4742,41,12,2023-10-27,Promosi
1238,4744,29,20,2027-11-19,Rotasi
1239,4749,34,19,2027-03-20,Rotasi
1240,4750,40,3,2008-01-24,Rotasi
1241,4754,18,47,2027-09-03,Rotasi
1242,4775,17,8,1996-03-28,Rotasi
1243,4775,1,8,1999-07-01,Promosi
1244,4779,41,38,2028-12-03,Rotasi
1245,4786,14,39,2029-03-01,Alih Tugas
1246,4789,44,10,2019-05-28,Rotasi
1247,4790,40,23,2023-04-12,Rotasi
1248,4791,16,8,2014-07-15,Rotasi
1249,4800,4,14,2002-10-22,Rotasi
1250,4800,28,14,2007-09-22,Rotasi
1251,4801,20,22,2025-05-02,Rotasi
1252,4812,12,32,2014-11-17,Promosi
1253,4815,21,45,2014-06-20,Rotasi
1254,4816,1,20,2028-06-27,Rotasi
1255,4819,46,17,1997-10-08,Rotasi
1256,4822,17,39,2017-05-01,Promosi
1257,4823,36,10,2012-08-27,Rotasi
1258,4823,3,10,2017-05-20,Promosi
1259,4831,18,11,2013-12-26,Rotasi
1260,4833,25,20,2000-12-24,Rotasi
1261,4833,12,20,2005-05-07,Promosi
1262,4842,30,18,2001-03-19,Promosi
1263,4842,15,18,2007-12-18,Rotasi
1264,4842,44,18,2010-12-01,Alih Tugas
1265,4855,42,32,1999-07-08,Rotasi
1266,4855,29,32,2005-04-20,Rotasi
1267,4855,5,32,2010-12-21,Alih Tugas
1268,4860,20,21,2013-04-14,Rotasi
1269,4860,10,21,2017-04-22,Rotasi
1270,4862,30,45,2014-09-07,Rotasi
1271,4873,30,21,1999-08-11,Promosi
1272,4874,26,18,2011-12-17,Rotasi
1273,4874,43,18,2014-01-23,Rotasi
1274,4877,27,15,2019-04-14,Rotasi
1275,4879,24,7,1999-09-08,Promosi
1276,4879,21,7,2005-09-22,Alih Tugas
1277,4887,31,5,2025-04-04,Rotasi
1278,4893,34,26,1995-04-13,Promosi
1279,4895,26,33,2026-10-19,Rotasi
1280,4898,22,41,1997-12-05,Rotasi
1281,4898,12,41,2000-03-03,Alih Tugas
1282,4898,10,41,2003-06-10,Promosi
1283,4918,45,17,2004-06-17,Rotasi
1284,4918,6,17,2007-10-19,Rotasi
1285,4920,1,21,2016-01-25,Alih Tugas
1286,4932,39,47,2022-05-04,Promosi
1287,4935,7,46,2007-08-27,Promosi
1288,4944,29,47,1997-09-09,Rotasi
1289,4952,5,43,2021-05-08,Rotasi
1290,4963,2,1,2025-09-07,Rotasi
1291,4968,25,38,2008-07-10,Rotasi
1292,4968,32,38,2014-09-01,Promosi
1293,4982,38,35,2017-02-21,Alih Tugas
1294,4982,34,35,2022-04-12,Promosi
1295,4983,29,11,2004-09-16,Promosi
1296,4988,31,26,2029-01-19,Rotasi
1297,4994,20,5,2022-12-15,Rotasi
1298,4996,12,42,2027-08-24,Alih Tugas
1299,5011,6,40,2008-12-27,Promosi
1300,5011,10,40,2012-08-03,Rotasi
1301,5035,19,44,2005-01-16,Rotasi
1302,5035,25,44,2010-09-23,Rotasi
1303,5039,12,28,2000-04-28,Alih Tugas
1304,5041,20,21,2001-01-17,Rotasi
1305,5050,16,38,2024-08-17,Rotasi
1306,5055,27,25,2007-09-08,Alih Tugas
1307,5067,32,29,2018-05-21,Promosi
1308,5067,10,29,2021-09-14,Alih Tugas
1309,5078,1,29,2014-05-27,Rotasi
1310,5078,12,29,2018-05-09,Promosi
1311,5079,33,17,2019-04-14,Rotasi
1312,5088,1,36,2006-08-03,Rotasi
1313,5088,40,36,2011-02-22,Alih Tugas
1314,5088,28,36,2014-02-16,Alih Tugas
1315,5089,24,38,2009-09-02,Alih Tugas
1316,5089,24,38,2015-10-14,Alih Tugas
1317,5093,9,14,2026-03-01,Promosi
1318,5096,15,21,2014-09-17,Rotasi
1319,5104,4,11,2014-03-28,Promosi
1320,5112,35,1,2026-07-22,Alih Tugas
1321,5115,30,35,2029-09-22,Alih Tugas
1322,5116,43,2,1995-05-20,Promosi
1323,5116,35,2,1998-08-22,Rotasi
1324,5124,34,15,2019-03-07,Rotasi
1325,5125,16,32,1994-06-09,Alih Tugas
1326,5125,35,32,1998-07-09,Promosi
1327,5137,17,33,2016-05-24,Alih Tugas
1328,5150,43,28,2026-01-07,Promosi
1329,5151,4,27,2016-11-11,Promosi
1330,5151,34,27,2021-10-19,Rotasi
1331,5153,22,2,2012-04-15,Promosi
1332,5156,14,3,2016-10-28,Rotasi
1333,5156,24,3,2022-03-02,Rotasi
1334,5158,46,40,2010-04-15,Promosi
1335,5164,25,31,2004-02-25,Rotasi
1336,5164,30,31,2008-11-18,Alih Tugas
1337,5165,43,28,2028-05-21,Rotasi
1338,5180,45,7,2023-12-13,Alih Tugas
1339,5208,15,35,2025-04-26,Rotasi
1340,5230,32,6,2012-09-25,Rotasi
1341,5245,31,15,1998-03-18,Rotasi
1342,5269,28,37,2003-08-08,Rotasi
1343,5277,10,47,2028-08-14,Alih Tugas
1344,5283,26,25,2018-05-19,Rotasi
1345,5283,38,25,2021-07-12,Rotasi
1346,5284,14,25,2004-08-01,Alih Tugas
1347,5284,13,25,2010-06-13,Promosi
1348,5284,9,25,2014-02-15,Promosi
1349,5286,3,21,2022-07-21,Promosi
1350,5292,29,19,2028-12-01,Rotasi
1351,5295,5,45,2015-11-23,Rotasi
1352,5295,9,45,2020-12-28,Rotasi
1353,5299,18,37,2025-12-21,Alih Tugas
1354,5300,18,6,2021-02-25,Alih Tugas
1355,5304,44,5,2000-12-16,Rotasi
1356,5304,39,5,2004-09-24,Promosi
1357,5304,15,5,2007-07-24,Alih Tugas
1358,5310,15,12,2028-12-20,Rotasi
1359,5311,24,25,2008-03-15,Rotasi
1360,5314,35,1,2020-09-11,Rotasi
1361,5316,35,14,2010-01-12,Rotasi
1362,5323,5,12,2028-11-27,Rotasi
1363,5324,28,42,1996-06-08,Rotasi
1364,5324,37,42,2000-04-12,Alih Tugas
1365,5329,25,37,2027-07-07,Rotasi
1366,5337,38,41,2018-02-13,Alih Tugas
1367,5350,38,4,2026-11-21,Alih Tugas
1368,5360,27,13,2028-08-12,Promosi
1369,5366,18,25,2029-04-15,Rotasi
1370,5367,2,37,2028-03-02,Promosi
1371,5378,27,13,2020-05-24,Promosi
1372,5381,39,12,2015-10-16,Promosi
1373,5381,40,12,2019-07-09,Promosi
1374,5383,5,36,2012-06-10,Promosi
1375,5383,24,36,2017-06-16,Alih Tugas
1376,5392,5,12,2021-10-12,Rotasi
1377,5396,27,44,2002-08-02,Promosi
1378,5396,11,44,2007-11-25,Rotasi
1379,5396,36,44,2011-12-26,Rotasi
1380,5398,29,37,1997-01-03,Rotasi
1381,5400,37,39,1995-03-26,Rotasi
1382,5400,31,39,1998-11-23,Promosi
1383,5400,18,39,2002-11-20,Rotasi
1384,5403,40,7,2017-11-19,Promosi
1385,5404,40,5,2028-07-24,Alih Tugas
1386,5405,7,29,2002-08-24,Promosi
1387,5405,38,29,2006-01-21,Rotasi
1388,5417,47,20,2017-06-10,Rotasi
1389,5417,45,20,2020-03-03,Rotasi
1390,5429,22,30,2024-01-13,Promosi
1391,5445,15,6,1998-07-17,Rotasi
1392,5445,34,6,2003-09-18,Rotasi
1393,5447,3,44,2026-03-17,Rotasi
1394,5450,31,45,2017-03-13,Rotasi
1395,5450,18,45,2023-03-13,Promosi
1396,5453,11,25,1998-05-09,Alih Tugas
1397,5453,28,25,2004-02-25,Promosi
1398,5456,4,15,2025-06-20,Alih Tugas
1399,5457,25,12,2003-02-19,Rotasi
1400,5457,13,12,2007-07-22,Rotasi
1401,5459,25,31,2009-09-09,Promosi
1402,5459,22,31,2012-03-15,Rotasi
1403,5461,23,47,1995-12-11,Promosi
1404,5461,31,47,2000-08-22,Rotasi
1405,5462,35,41,2023-08-10,Promosi
1406,5472,31,23,2019-05-15,Rotasi
1407,5472,31,23,2024-12-04,Rotasi
1408,5474,13,41,2019-05-18,Rotasi
1409,5474,30,41,2025-01-28,Alih Tugas
1410,5475,46,44,1996-04-04,Rotasi
1411,5475,28,44,1999-07-12,Promosi
1412,5475,32,44,2002-05-13,Rotasi
1413,5476,6,28,2010-09-23,Rotasi
1414,5476,7,28,2015-08-17,Rotasi
1415,5479,29,15,2009-07-06,Alih Tugas
1416,5479,3,15,2012-12-10,Promosi
1417,5479,2,15,2016-03-05,Alih Tugas
1418,5486,13,1,2009-11-17,Rotasi
1419,5486,22,1,2013-07-10,Promosi
1420,5486,36,1,2017-05-28,Rotasi
1421,5490,36,30,2015-07-14,Rotasi
1422,5490,3,30,2020-11-25,Rotasi
1423,5492,1,13,2000-11-07,Promosi
1424,5492,21,13,2003-04-24,Rotasi
1425,5497,32,19,2021-07-27,Rotasi
1426,5504,23,25,2004-02-06,Rotasi
1427,5522,17,1,2000-09-15,Rotasi
1428,5522,18,1,2005-05-07,Alih Tugas
1429,5522,47,1,2011-01-12,Alih Tugas
1430,5544,46,45,2009-12-11,Rotasi
1431,5544,36,45,2013-07-01,Rotasi
1432,5544,39,45,2016-03-09,Alih Tugas
1433,5547,41,3,2013-11-21,Promosi
1434,5549,34,27,2006-12-19,Rotasi
1435,5551,4,44,2005-10-04,Rotasi
1436,5562,26,29,2013-04-08,Rotasi
1437,5563,1,3,2019-03-18,Rotasi
1438,5563,19,3,2025-07-09,Promosi
1439,5585,10,27,2009-06-25,Alih Tugas
1440,5585,47,27,2013-08-04,Alih Tugas
1441,5586,8,42,2005-07-08,Rotasi
1442,5596,10,8,2014-06-25,Alih Tugas
1443,5606,25,37,2028-07-03,Promosi
1444,5621,16,47,2021-01-09,Alih Tugas
1445,5627,35,3,2018-09-22,Alih Tugas
1446,5636,29,26,2006-09-05,Rotasi
1447,5636,13,26,2012-02-16,Rotasi
1448,5641,26,34,2002-09-01,Promosi
1449,5641,25,34,2006-11-25,Alih Tugas
1450,5644,14,40,2027-11-07,Rotasi
1451,5645,2,23,2016-08-26,Promosi
1452,5645,13,23,2021-11-15,Rotasi
1453,5657,24,14,2004-12-19,Promosi
1454,5693,15,7,2014-05-13,Rotasi
1455,5698,46,32,2008-12-07,Alih Tugas
1456,5698,17,32,2013-07-23,Rotasi
1457,5716,6,30,2000-12-03,Rotasi
1458,5716,31,30,2005-07-04,Rotasi
1459,5716,25,30,2010-11-26,Promosi
1460,5724,28,39,2024-11-11,Rotasi
1461,5725,40,34,2003-06-09,Promosi
1462,5725,36,34,2006-04-09,Promosi
1463,5730,28,47,2006-05-17,Promosi
1464,5730,38,47,2010-01-04,Rotasi
1465,5732,8,30,2027-11-08,Rotasi
1466,5737,33,41,1998-11-08,Rotasi
1467,5737,27,41,2002-09-07,Alih Tugas
1468,5737,24,41,2005-06-25,Promosi
1469,5744,4,44,2014-03-25,Rotasi
1470,5749,41,15,2019-08-23,Rotasi
1471,5749,19,15,2024-02-01,Promosi
1472,5751,39,19,2019-08-16,Rotasi
1473,5754,6,11,2028-08-05,Alih Tugas
1474,5755,47,4,2029-07-26,Rotasi
1475,5757,29,41,2012-12-28,Rotasi
1476,5757,31,41,2018-02-06,Promosi
1477,5765,40,25,2028-10-20,Rotasi
1478,5768,38,31,2026-05-21,Rotasi
1479,5769,10,35,2002-08-22,Promosi
1480,5769,2,35,2007-08-08,Alih Tugas
1481,5775,44,6,2007-12-20,Rotasi
1482,5781,11,4,2028-07-06,Rotasi
1483,5793,28,34,1998-10-14,Rotasi
1484,5806,8,2,2013-04-15,Alih Tugas
1485,5806,29,2,2016-09-06,Rotasi
1486,5807,10,7,2019-10-02,Promosi
1487,5807,28,7,2022-08-08,Rotasi
1488,5812,18,44,2000-02-11,Rotasi
1489,5812,14,44,2004-06-25,Promosi
1490,5812,39,44,2010-04-27,Rotasi
1491,5813,35,24,2002-01-05,Rotasi
1492,5813,6,24,2005-11-16,Rotasi
1493,5813,39,24,2010-03-26,Rotasi
1494,5814,33,43,2027-04-18,Rotasi
1495,5818,17,24,2014-01-05,Promosi
1496,5818,31,24,2020-03-11,Promosi
1497,5822,27,37,2010-06-15,Rotasi
1498,5835,21,45,2011-03-15,Rotasi
1499,5836,18,23,2019-10-17,Rotasi
1500,5836,16,23,2024-06-05,Rotasi
1501,5843,28,26,2026-02-24,Rotasi
1502,5853,33,44,1995-03-05,Rotasi
1503,5853,42,44,1999-02-24,Promosi
1504,5858,13,5,2001-06-22,Rotasi
1505,5863,44,46,2021-09-26,Promosi
1506,5865,19,41,2026-03-16,Alih Tugas
1507,5880,5,39,2003-05-21,Promosi
1508,5880,29,39,2009-11-20,Rotasi
1509,5884,24,15,2024-04-19,Alih Tugas
1510,5888,25,6,2019-11-23,Promosi
1511,5890,33,12,2016-07-28,Alih Tugas
1512,5890,36,12,2021-12-09,Promosi
1513,5897,9,21,2027-04-03,Promosi
1514,5907,8,19,2014-11-01,Rotasi
1515,5907,1,19,2017-01-16,Rotasi
1516,5909,26,1,2025-01-14,Promosi
1517,5911,10,6,1993-09-18,Promosi
1518,5911,11,6,1997-01-21,Promosi
1519,5925,33,43,2027-05-09,Rotasi
1520,5934,27,5,2007-04-03,Rotasi
1521,5934,28,5,2013-01-16,Alih Tugas
1522,5934,30,5,2017-07-16,Rotasi
1523,5939,9,3,1997-12-23,Rotasi
1524,5945,21,3,2012-06-01,Rotasi
1525,5945,35,3,2016-09-28,Rotasi
1526,5955,16,20,1998-06-03,Promosi
1527,5955,26,20,2003-09-10,Promosi
1528,5955,42,20,2008-05-18,Rotasi
1529,5957,12,40,2009-04-15,Rotasi
1530,5961,23,37,2020-04-18,Rotasi
1531,5963,40,13,2001-10-21,Rotasi
1532,5963,32,13,2006-06-15,Alih Tugas
1533,5972,46,12,2015-06-03,Promosi
1534,5994,10,14,2017-01-03,Alih Tugas
1535,5994,1,14,2022-04-07,Rotasi
1536,6006,4,3,2024-12-17,Rotasi
1537,6016,25,33,2004-01-28,Alih Tugas
1538,6016,4,33,2007-08-06,Alih Tugas
1539,6016,43,33,2011-06-13,Rotasi
1540,6017,32,41,2019-01-16,Rotasi
1541,6025,9,17,1998-03-21,Rotasi
1542,6026,14,36,2002-10-21,Alih Tugas
1543,6026,1,36,2008-09-25,Rotasi
1544,6028,2,16,2026-09-14,Rotasi
1545,6036,40,35,2025-01-28,Alih Tugas
1546,6044,30,17,2015-02-10,Rotasi
1547,6044,14,17,2020-07-11,Rotasi
1548,6057,23,31,2014-08-20,Rotasi
1549,6067,11,19,2022-10-06,Promosi
1550,6072,20,43,2001-04-16,Rotasi
1551,6072,3,43,2007-07-05,Promosi
1552,6075,22,47,2017-06-08,Alih Tugas
1553,6077,45,33,2023-02-17,Alih Tugas
1554,6078,47,6,2018-12-13,Alih Tugas
1555,6081,20,44,2026-09-17,Promosi
1556,6085,38,36,2028-07-04,Rotasi
1557,6087,24,21,2026-11-21,Promosi
1558,6089,35,21,2006-01-09,Rotasi
1559,6092,32,15,2017-11-03,Rotasi
1560,6092,36,15,2020-03-01,Rotasi
1561,6097,31,28,2018-08-28,Rotasi
1562,6102,34,10,2016-01-08,Rotasi
1563,6102,32,10,2021-08-06,Rotasi
1564,6105,44,32,2014-10-07,Rotasi
1565,6108,45,18,2017-01-12,Rotasi
1566,6113,12,36,2019-11-02,Rotasi
1567,6113,1,36,2022-09-03,Rotasi
1568,6116,40,8,2015-03-10,Rotasi
1569,6116,12,8,2020-06-10,Rotasi
1570,6117,8,1,2016-03-16,Promosi
1571,6118,47,24,2009-01-25,Alih Tugas
1572,6118,43,24,2015-10-05,Rotasi
1573,6118,35,24,2021-06-03,Rotasi
1574,6122,14,7,2017-06-04,Alih Tugas
1575,6122,23,7,2020-11-01,Rotasi
1576,6123,24,3,2027-04-24,Rotasi
1577,6125,17,21,2002-01-20,Rotasi
1578,6125,15,21,2007-11-19,Promosi
1579,6125,7,21,2011-10-22,Promosi
1580,6129,12,3,2006-05-01,Alih Tugas
1581,6129,11,3,2010-04-01,Rotasi
1582,6133,26,44,2013-01-09,Rotasi
1583,6137,1,15,2011-10-18,Rotasi
1584,6137,17,15,2016-12-26,Rotasi
1585,6154,47,1,2014-04-06,Rotasi
1586,6156,40,8,2008-10-07,Rotasi
1587,6156,27,8,2012-10-12,Promosi
1588,6156,22,8,2015-06-14,Promosi
1589,6162,8,11,2027-08-11,Promosi
1590,6163,26,23,2010-01-09,Rotasi
1591,6163,35,23,2014-08-14,Rotasi
1592,6164,26,5,2023-10-09,Rotasi
1593,6172,37,25,2006-11-18,Alih Tugas
1594,6172,13,25,2009-11-20,Rotasi
1595,6172,15,25,2015-04-02,Rotasi
1596,6181,19,31,2029-04-28,Alih Tugas
1597,6190,21,41,2028-11-16,Rotasi
1598,6191,40,19,2028-12-20,Promosi
1599,6193,14,7,2011-01-06,Rotasi
1600,6200,1,33,1990-01-21,Alih Tugas
1601,6200,1,33,1996-11-28,Rotasi
1602,6205,36,32,2000-06-08,Promosi
1603,6219,36,18,2018-07-21,Promosi
1604,6219,46,18,2022-01-14,Rotasi
1605,6221,41,43,2022-11-23,Promosi
1606,6223,1,16,2019-10-20,Promosi
1607,6227,24,6,2009-06-09,Rotasi
1608,6227,25,6,2015-09-15,Rotasi
1609,6230,38,2,2011-07-01,Promosi
1610,6230,13,2,2017-05-01,Rotasi
1611,6240,30,29,2029-07-27,Alih Tugas
1612,6247,47,15,1999-04-17,Promosi
1613,6247,14,15,2002-06-18,Rotasi
1614,6247,45,15,2005-04-21,Alih Tugas
1615,6261,43,14,2005-07-10,Rotasi
1616,6261,46,14,2008-01-07,Rotasi
1617,6265,26,10,2013-06-06,Promosi
1618,6265,13,10,2016-09-01,Alih Tugas
1619,6282,24,41,2015-08-04,Rotasi
1620,6282,40,41,2020-08-26,Rotasi
1621,6286,36,42,2026-01-18,Promosi
1622,6287,25,8,1991-04-02,Promosi
1623,6287,39,8,1994-07-26,Rotasi
1624,6300,7,16,2029-12-02,Alih Tugas
1625,6302,43,5,1999-12-25,Rotasi
1626,6302,39,5,2003-04-23,Alih Tugas
1627,6306,38,35,2020-10-16,Rotasi
1628,6310,1,20,2020-09-14,Rotasi
1629,6322,38,41,2029-11-08,Rotasi
1630,6329,11,32,2005-07-05,Promosi
1631,6329,23,32,2011-07-19,Alih Tugas
1632,6329,3,32,2014-09-17,Rotasi
1633,6330,28,45,2009-08-06,Promosi
1634,6330,5,45,2015-02-09,Promosi
1635,6330,16,45,2018-12-15,Rotasi
1636,6334,42,4,2002-07-12,Rotasi
1637,6338,35,14,2002-04-16,Alih Tugas
1638,6346,31,3,2026-09-26,Promosi
1639,6349,17,42,2028-08-17,Rotasi
1640,6353,22,36,2022-10-14,Rotasi
1641,6355,16,3,2019-05-26,Rotasi
1642,6355,33,3,2023-07-22,Alih Tugas
1643,6357,28,5,2011-04-19,Rotasi
1644,6357,26,5,2017-07-06,Promosi
1645,6366,27,32,2015-06-13,Rotasi
1646,6369,14,44,2008-06-06,Rotasi
1647,6369,4,44,2011-12-27,Rotasi
1648,6369,22,44,2017-07-11,Alih Tugas
1649,6370,7,5,2023-09-27,Rotasi
1650,6371,6,4,2009-09-28,Rotasi
1651,6371,37,4,2013-08-03,Alih Tugas
1652,6371,8,4,2018-09-20,Rotasi
1653,6377,12,39,1998-07-20,Rotasi
1654,6377,24,39,2001-07-21,Promosi
1655,6377,28,39,2005-07-09,Rotasi
1656,6379,33,15,2022-12-23,Promosi
1657,6383,27,40,2000-12-12,Rotasi
1658,6388,18,34,1993-07-09,Rotasi
1659,6388,30,34,1996-06-13,Promosi
1660,6392,29,6,2014-08-25,Promosi
1661,6392,15,6,2019-09-01,Rotasi
1662,6405,23,39,2000-05-14,Rotasi
1663,6405,46,39,2003-04-11,Rotasi
1664,6429,27,29,2019-10-04,Rotasi
1665,6434,36,16,2007-07-24,Rotasi
1666,6440,33,19,2028-01-27,Rotasi
1667,6447,32,33,2000-10-10,Rotasi
1668,6447,4,33,2005-09-15,Alih Tugas
1669,6447,24,33,2008-04-01,Promosi
1670,6451,12,36,2029-11-23,Rotasi
1671,6452,16,7,2012-04-05,Promosi
1672,6461,22,46,2024-04-23,Rotasi
1673,6465,20,41,1997-08-12,Rotasi
1674,6465,7,41,2000-11-09,Rotasi
1675,6466,41,11,2010-10-14,Alih Tugas
1676,6466,44,11,2016-06-08,Promosi
1677,6470,28,2,2028-03-07,Alih Tugas
1678,6484,7,9,2027-10-26,Alih Tugas
1679,6489,15,16,2007-04-09,Promosi
1680,6489,17,16,2010-05-15,Rotasi
1681,6491,4,47,2001-11-28,Rotasi
1682,6491,17,47,2004-04-19,Alih Tugas
1683,6491,15,47,2008-11-14,Alih Tugas
1684,6494,39,19,2028-06-07,Rotasi
1685,6496,1,35,2028-09-12,Alih Tugas
1686,6512,33,30,2004-04-07,Rotasi
1687,6520,18,43,2008-08-16,Promosi
1688,6528,22,11,2028-03-02,Rotasi
1689,6532,32,6,2022-04-07,Promosi
1690,6536,26,18,2003-01-14,Alih Tugas
1691,6536,37,18,2007-10-28,Rotasi
1692,6551,11,6,2004-04-05,Rotasi
1693,6577,1,35,2003-05-19,Promosi
1694,6577,43,35,2009-08-10,Promosi
1695,6578,17,39,2028-10-05,Promosi
1696,6584,5,14,2021-01-24,Rotasi
1697,6586,25,41,2014-10-14,Promosi
1698,6595,4,1,2023-03-02,Rotasi
1699,6603,31,20,2023-06-13,Rotasi
1700,6606,21,44,2008-05-16,Rotasi
1701,6606,16,44,2014-02-20,Promosi
1702,6607,17,37,2003-01-27,Promosi
1703,6607,19,37,2008-10-28,Rotasi
1704,6607,12,37,2012-12-27,Alih Tugas
1705,6609,43,23,2026-09-20,Rotasi
1706,6612,30,23,2020-11-22,Rotasi
1707,6617,47,39,2029-05-16,Promosi
1708,6620,42,26,2022-03-23,Alih Tugas
1709,6624,45,13,2003-06-05,Rotasi
1710,6624,14,13,2009-01-09,Rotasi
1711,6628,23,24,2026-10-26,Alih Tugas
1712,6648,35,47,2011-04-17,Rotasi
1713,6648,45,47,2014-09-09,Rotasi
1714,6649,7,9,2024-12-14,Rotasi
1715,6652,33,2,2015-03-04,Rotasi
1716,6655,43,20,1991-12-10,Rotasi
1717,6657,4,30,2011-03-11,Rotasi
1718,6657,24,30,2014-08-15,Rotasi
1719,6664,23,27,2004-05-28,Rotasi
1720,6671,37,27,2027-07-08,Alih Tugas
1721,6673,3,22,2010-05-09,Alih Tugas
1722,6674,17,32,2029-09-12,Rotasi
1723,6680,30,11,2015-03-20,Alih Tugas
1724,6691,2,18,2028-06-28,Promosi
1725,6694,40,17,2025-11-14,Rotasi
1726,6698,38,40,2007-06-22,Promosi
1727,6702,43,30,2017-12-02,Rotasi
1728,6704,44,32,2015-07-07,Rotasi
1729,6713,19,36,1994-12-28,Rotasi
1730,6713,13,36,1998-10-08,Rotasi
1731,6717,14,39,2024-02-24,Rotasi
1732,6734,2,17,2007-04-11,Rotasi
1733,6735,4,9,2024-02-23,Alih Tugas
1734,6741,3,8,2027-11-14,Rotasi
1735,6742,43,32,2004-09-24,Alih Tugas
1736,6742,44,32,2008-11-14,Rotasi
1737,6742,45,32,2012-01-09,Promosi
1738,6746,14,30,2015-11-20,Promosi
1739,6746,29,30,2021-01-22,Rotasi
1740,6751,31,41,2005-04-05,Rotasi
1741,6755,33,45,2005-02-16,Alih Tugas
1742,6757,42,26,2002-06-13,Rotasi
1743,6762,9,34,2027-10-18,Rotasi
1744,6773,37,30,2029-03-01,Alih Tugas
1745,6784,7,2,2019-06-11,Promosi
1746,6784,34,2,2022-05-26,Promosi
1747,6797,1,15,2025-10-18,Promosi
1748,6799,37,41,2002-02-09,Rotasi
1749,6804,18,11,2027-10-02,Promosi
1750,6806,9,7,2017-07-07,Rotasi
1751,6808,31,46,2017-08-13,Promosi
1752,6814,2,34,2003-03-16,Promosi
1753,6815,37,42,2025-09-19,Rotasi
1754,6818,17,22,2010-09-04,Promosi
1755,6823,35,14,2004-03-02,Rotasi
1756,6823,24,14,2010-11-05,Rotasi
1757,6823,29,14,2013-06-20,Rotasi
1758,6830,4,7,2001-12-27,Rotasi
1759,6831,32,31,2016-11-08,Rotasi
1760,6831,2,31,2022-12-09,Rotasi
1761,6832,7,6,2002-10-20,Rotasi
1762,6832,25,6,2007-09-28,Rotasi
1763,6832,44,6,2012-05-10,Rotasi
1764,6833,40,36,2004-07-27,Rotasi
1765,6840,31,33,2026-01-28,Promosi
1766,6852,37,17,2002-07-09,Rotasi
1767,6852,11,17,2007-02-02,Rotasi
1768,6853,19,5,2013-09-14,Alih Tugas
1769,6853,23,5,2019-02-06,Alih Tugas
1770,6856,46,21,2026-08-19,Promosi
1771,6860,1,32,2012-09-25,Alih Tugas
1772,6861,23,13,2029-04-01,Rotasi
1773,6869,39,1,2019-05-17,Promosi
1774,6869,45,1,2024-07-18,Alih Tugas
1775,6870,20,46,2019-01-17,Rotasi
1776,6870,15,46,2022-01-13,Rotasi
1777,6882,13,9,2013-06-25,Rotasi
1778,6882,10,9,2019-08-03,Rotasi
1779,6894,30,35,2027-10-10,Alih Tugas
1780,6900,1,20,2028-03-04,Alih Tugas
1781,6903,1,2,2026-02-28,Promosi
1782,6908,40,29,2024-07-22,Rotasi
1783,6911,32,1,2009-01-09,Rotasi
1784,6911,46,1,2015-03-20,Promosi
1785,6914,4,1,2019-01-10,Rotasi
1786,6915,11,34,2005-12-13,Alih Tugas
1787,6915,43,34,2008-11-18,Promosi
1788,6915,18,34,2014-03-12,Rotasi
1789,6937,26,2,2015-02-04,Alih Tugas
1790,6939,46,23,2021-03-20,Rotasi
1791,6952,39,27,2011-04-20,Promosi
1792,6953,36,33,2029-02-13,Rotasi
1793,6956,32,31,2026-10-22,Rotasi
1794,6960,21,13,2027-01-03,Alih Tugas
1795,6966,27,25,1999-03-07,Promosi
1796,6966,33,25,2002-05-20,Rotasi
1797,6966,8,25,2007-08-27,Rotasi
1798,6995,1,29,2021-04-23,Rotasi
1799,7011,6,47,2028-08-03,Rotasi
1800,7012,16,12,2021-08-22,Rotasi
1801,7017,34,32,2020-04-07,Rotasi
1802,7025,40,16,2014-05-07,Rotasi
1803,7025,19,16,2018-10-26,Rotasi
1804,7065,47,27,2002-12-28,Rotasi
1805,7065,11,27,2008-08-07,Promosi
1806,7068,20,11,2022-06-22,Rotasi
1807,7078,21,27,2025-10-17,Rotasi
1808,7097,42,7,2026-02-16,Rotasi
1809,7101,3,5,2014-04-19,Alih Tugas
1810,7101,4,5,2020-01-23,Promosi
1811,7110,47,28,2003-05-04,Promosi
1812,7110,14,28,2006-11-04,Promosi
1813,7110,40,28,2009-01-01,Rotasi
1814,7125,13,15,1998-01-04,Alih Tugas
1815,7125,4,15,2004-07-15,Promosi
1816,7126,27,25,2020-02-22,Promosi
1817,7127,16,33,2025-04-12,Alih Tugas
1818,7128,32,39,2009-06-05,Rotasi
1819,7128,37,39,2012-07-26,Alih Tugas
1820,7141,40,4,2027-07-21,Rotasi
1821,7145,43,47,2027-01-09,Alih Tugas
1822,7146,37,39,2003-10-10,Rotasi
1823,7146,25,39,2006-11-21,Rotasi
1824,7146,15,39,2012-08-16,Rotasi
1825,7155,29,42,2024-12-21,Rotasi
1826,7162,25,3,2028-03-21,Rotasi
1827,7166,31,4,2003-01-01,Rotasi
1828,7171,31,45,2009-05-08,Alih Tugas
1829,7171,40,45,2014-09-17,Alih Tugas
1830,7177,21,8,2014-11-04,Rotasi
1831,7178,10,30,1992-01-17,Rotasi
1832,7196,28,2,2027-06-15,Alih Tugas
1833,7202,25,2,2011-01-01,Promosi
1834,7202,10,2,2015-08-14,Rotasi
1835,7220,40,10,2025-01-19,Promosi
1836,7225,14,5,2022-10-05,Rotasi
1837,7229,26,19,2010-11-18,Promosi
1838,7233,10,14,2008-10-15,Promosi
1839,7233,1,14,2012-03-04,Promosi
1840,7233,13,14,2017-06-08,Promosi
1841,7238,25,33,2000-09-27,Rotasi
1842,7238,13,33,2004-03-15,Rotasi
1843,7256,38,46,2014-03-13,Rotasi
1844,7257,37,31,2017-05-28,Promosi
1845,7257,4,31,2022-06-19,Rotasi
1846,7260,41,35,2026-11-03,Alih Tugas
1847,7272,1,28,2005-12-12,Alih Tugas
1848,7272,35,28,2008-04-04,Promosi
1849,7273,41,2,2023-04-18,Alih Tugas
1850,7295,41,29,2027-01-03,Rotasi
1851,7296,24,1,2008-12-25,Promosi
1852,7296,27,1,2011-09-09,Alih Tugas
1853,7296,4,1,2016-06-05,Promosi
1854,7301,14,30,1999-09-26,Alih Tugas
1855,7301,37,30,2004-05-22,Rotasi
1856,7315,26,33,2027-08-04,Alih Tugas
1857,7316,3,20,2020-06-04,Alih Tugas
1858,7327,21,43,2019-09-03,Promosi
1859,7327,3,43,2022-07-06,Rotasi
1860,7338,28,39,2002-10-08,Promosi
1861,7338,29,39,2005-05-13,Promosi
1862,7340,24,23,2013-04-12,Promosi
1863,7340,44,23,2019-06-17,Rotasi
1864,7351,39,13,2027-07-10,Rotasi
1865,7353,12,32,2012-08-12,Rotasi
1866,7353,44,32,2016-12-20,Rotasi
1867,7357,29,1,2018-06-05,Alih Tugas
1868,7366,39,42,2029-11-21,Rotasi
1869,7368,18,28,2009-02-21,Alih Tugas
1870,7370,42,28,2012-06-19,Rotasi
1871,7373,20,45,2012-01-22,Promosi
1872,7375,5,1,2012-06-05,Rotasi
1873,7376,38,39,1997-01-23,Rotasi
1874,7376,35,39,2003-03-24,Alih Tugas
1875,7377,38,13,2005-03-05,Rotasi
1876,7377,42,13,2008-09-03,Promosi
1877,7377,44,13,2013-09-22,Rotasi
1878,7428,4,16,2009-06-26,Promosi
1879,7430,46,33,2014-05-27,Rotasi
1880,7430,16,33,2017-11-25,Alih Tugas
1881,7441,41,43,2003-06-28,Promosi
1882,7441,9,43,2007-06-16,Rotasi
1883,7441,12,43,2013-03-02,Rotasi
1884,7447,33,39,1998-11-11,Promosi
1885,7447,46,39,2001-11-17,Alih Tugas
1886,7449,8,14,2015-10-05,Promosi
1887,7449,9,14,2021-04-14,Promosi
1888,7452,11,13,2028-09-03,Rotasi
1889,7456,12,15,2022-01-06,Rotasi
1890,7460,12,43,2001-09-09,Promosi
1891,7460,38,43,2006-01-13,Rotasi
1892,7460,27,43,2011-03-19,Rotasi
1893,7463,3,29,2008-11-12,Rotasi
1894,7463,44,29,2011-04-23,Rotasi
1895,7463,42,29,2015-02-07,Alih Tugas
1896,7474,26,20,1992-10-12,Rotasi
1897,7474,10,20,1997-03-03,Rotasi
1898,7474,37,20,2003-11-24,Rotasi
1899,7481,46,23,1993-01-03,Promosi
1900,7481,40,23,1997-06-24,Promosi
1901,7481,43,23,2001-12-19,Alih Tugas
1902,7485,9,5,2016-05-26,Rotasi
1903,7485,28,5,2019-05-09,Rotasi
1904,7488,11,26,2013-10-03,Rotasi
1905,7488,24,26,2019-09-24,Rotasi
1906,7497,9,26,2014-12-08,Promosi
1907,7497,7,26,2018-03-03,Rotasi
1908,7501,18,24,2007-05-25,Promosi
1909,7501,44,24,2010-01-15,Rotasi
1910,7501,2,24,2015-04-13,Alih Tugas
1911,7505,23,31,2019-07-07,Promosi
1912,7505,26,31,2023-02-18,Promosi
1913,7508,15,39,2025-06-17,Promosi
1914,7519,42,24,2024-12-07,Rotasi
1915,7528,9,2,2020-05-26,Rotasi
1916,7529,20,17,2026-06-14,Promosi
1917,7538,5,25,2019-05-28,Promosi
1918,7538,18,25,2022-02-20,Rotasi
1919,7539,43,32,2019-03-26,Rotasi
1920,7554,25,47,2017-01-02,Promosi
1921,7554,18,47,2021-02-19,Rotasi
1922,7560,6,9,2003-03-19,Alih Tugas
1923,7560,11,9,2006-05-18,Promosi
1924,7560,15,9,2010-06-17,Rotasi
1925,7562,37,30,2004-07-12,Promosi
1926,7562,28,30,2010-07-12,Rotasi
1927,7562,4,30,2016-07-27,Alih Tugas
1928,7572,8,20,1994-07-28,Rotasi
1929,7572,31,20,1998-05-11,Promosi
1930,7587,33,8,1997-02-01,Rotasi
1931,7587,27,8,2002-06-27,Promosi
1932,7591,30,19,2006-04-12,Promosi
1933,7602,35,17,2025-06-08,Rotasi
1934,7606,16,42,2019-02-06,Rotasi
1935,7606,29,42,2025-10-28,Rotasi
1936,7608,8,47,2020-11-08,Alih Tugas
1937,7609,6,27,2010-06-20,Rotasi
1938,7609,3,27,2015-11-07,Rotasi
1939,7612,25,26,2017-10-01,Promosi
1940,7622,42,7,2014-06-21,Alih Tugas
1941,7625,15,22,2025-12-12,Alih Tugas
1942,7630,27,33,2008-02-10,Promosi
1943,7630,4,33,2013-01-18,Rotasi
1944,7637,6,39,2022-03-05,Promosi
1945,7647,21,43,2018-11-20,Rotasi
1946,7647,34,43,2022-06-06,Alih Tugas
1947,7651,32,10,2012-08-26,Rotasi
1948,7655,36,24,2006-06-22,Promosi
1949,7655,17,24,2011-10-12,Promosi
1950,7655,10,24,2016-03-22,Rotasi
1951,7657,4,16,2007-06-04,Rotasi
1952,7657,36,16,2011-01-06,Promosi
1953,7661,44,41,2025-07-03,Rotasi
1954,7669,47,39,2006-09-07,Rotasi
1955,7669,2,39,2012-11-07,Rotasi
1956,7676,38,29,2007-03-12,Promosi
1957,7687,24,19,2027-10-10,Alih Tugas
1958,7696,11,22,2027-07-18,Rotasi
1959,7705,23,4,2008-07-20,Rotasi
1960,7705,16,4,2012-08-04,Rotasi
1961,7705,44,4,2015-10-28,Rotasi
1962,7707,43,13,2007-06-13,Promosi
1963,7708,24,40,2026-09-23,Promosi
1964,7710,9,34,2019-08-20,Rotasi
1965,7710,18,34,2024-06-14,Rotasi
1966,7717,45,17,2004-11-26,Rotasi
1967,7718,11,41,2028-02-14,Rotasi
1968,7728,17,20,2016-12-26,Rotasi
1969,7738,17,40,2020-02-28,Alih Tugas
1970,7739,3,12,2018-04-18,Alih Tugas
1971,7757,31,38,2012-07-03,Rotasi
1972,7757,30,38,2017-09-02,Promosi
1973,7774,9,7,2012-05-11,Rotasi
1974,7774,3,7,2017-06-26,Rotasi
1975,7775,2,20,2014-06-11,Rotasi
1976,7783,31,26,2009-12-27,Rotasi
1977,7783,16,26,2012-04-01,Alih Tugas
1978,7783,23,26,2015-02-04,Rotasi
1979,7807,24,47,2018-07-07,Rotasi
1980,7812,20,26,2011-08-13,Rotasi
1981,7812,47,26,2017-03-01,Rotasi
1982,7815,47,46,2018-01-03,Rotasi
1983,7815,18,46,2024-10-09,Rotasi
1984,7818,15,42,2022-04-24,Promosi
1985,7822,14,20,2009-07-21,Rotasi
1986,7822,29,20,2013-11-22,Alih Tugas
1987,7822,40,20,2018-02-13,Promosi
1988,7830,7,3,2028-04-02,Rotasi
1989,7838,9,27,2005-09-02,Rotasi
1990,7838,18,27,2010-03-19,Promosi
1991,7844,47,43,2008-04-07,Rotasi
1992,7844,14,43,2012-05-18,Rotasi
1993,7844,2,43,2018-09-20,Alih Tugas
1994,7851,6,37,2021-04-12,Promosi
1995,7853,3,47,2028-06-06,Rotasi
1996,7857,38,36,2000-10-16,Rotasi
1997,7857,23,36,2004-06-21,Rotasi
1998,7857,10,36,2008-08-17,Rotasi
1999,7868,44,37,2009-11-13,Alih Tugas
2000,7881,19,21,2027-03-21,Promosi
2001,7889,45,29,2014-10-24,Alih Tugas
2002,7893,18,25,2004-03-22,Alih Tugas
2003,7893,10,25,2009-11-28,Alih Tugas
2004,7893,27,25,2014-08-12,Alih Tugas
2005,7894,1,40,2028-11-13,Rotasi
2006,7896,33,32,2006-06-06,Alih Tugas
2007,7896,7,32,2011-09-11,Alih Tugas
2008,7896,47,32,2015-09-06,Rotasi
2009,7897,8,17,2022-01-07,Rotasi
2010,7901,15,39,2005-01-22,Rotasi
2011,7902,43,38,2013-10-27,Alih Tugas
2012,7902,14,38,2019-06-19,Promosi
2013,7904,17,4,2002-11-08,Rotasi
2014,7904,29,4,2006-06-06,Promosi
2015,7908,16,29,2009-11-09,Promosi
2016,7910,23,19,2011-11-16,Rotasi
2017,7915,44,25,2007-05-21,Rotasi
2018,7915,34,25,2013-03-14,Promosi
2019,7929,47,28,2012-04-21,Rotasi
2020,7929,25,28,2018-01-18,Rotasi
2021,7932,9,25,1997-09-03,Rotasi
2022,7932,9,25,2003-08-17,Alih Tugas
2023,7937,39,44,2025-06-13,Rotasi
2024,7955,29,42,2023-08-06,Promosi
2025,7956,42,23,2026-05-25,Rotasi
2026,7957,21,20,2008-01-10,Alih Tugas
2027,7957,33,20,2013-08-04,Rotasi
2028,7957,8,20,2016-05-16,Rotasi
2029,7960,16,42,2021-03-25,Rotasi
2030,7962,40,2,2025-11-03,Rotasi
2031,7963,37,19,2025-03-26,Rotasi
2032,7968,32,22,2017-12-12,Promosi
2033,7968,13,22,2022-10-25,Alih Tugas
2034,7978,44,43,2002-02-27,Rotasi
2035,7978,46,43,2005-10-15,Rotasi
2036,7978,44,43,2010-03-18,Rotasi
2037,7984,40,30,1996-04-09,Rotasi
2038,7999,35,3,2019-03-17,Alih Tugas
2039,7999,42,3,2024-06-09,Rotasi
2040,8029,41,44,2007-04-20,Rotasi
2041,8029,24,44,2013-04-28,Promosi
2042,8035,34,31,2006-04-22,Rotasi
2043,8035,8,31,2009-12-12,Rotasi
2044,8041,45,4,2019-04-22,Alih Tugas
2045,8043,22,42,2005-06-22,Rotasi
2046,8052,23,25,2016-01-24,Promosi
2047,8052,17,25,2022-08-03,Promosi
2048,8062,12,37,2012-09-22,Rotasi
2049,8062,31,37,2016-10-20,Promosi
2050,8065,18,40,2013-03-01,Rotasi
2051,8065,18,40,2017-08-08,Promosi
2052,8071,14,24,2009-03-04,Rotasi
2053,8074,28,11,2006-09-06,Alih Tugas
2054,8074,5,11,2010-09-05,Promosi
2055,8077,39,25,2007-08-25,Promosi
2056,8077,23,25,2010-02-26,Rotasi
2057,8088,22,45,1989-04-01,Promosi
2058,8089,28,8,2013-12-28,Rotasi
2059,8089,26,8,2018-01-25,Rotasi
2060,8106,44,24,2002-05-11,Rotasi
2061,8106,17,24,2007-08-19,Promosi
2062,8107,25,46,1993-08-04,Rotasi
2063,8107,44,46,1998-12-21,Rotasi
2064,8107,14,46,2003-12-17,Rotasi
2065,8113,15,35,2023-03-22,Rotasi
2066,8115,14,4,2021-09-18,Alih Tugas
2067,8117,21,42,2024-12-27,Rotasi
2068,8121,9,21,2029-01-10,Promosi
2069,8123,23,12,2006-10-08,Rotasi
2070,8123,27,12,2009-02-06,Alih Tugas
2071,8134,11,23,2018-10-23,Rotasi
2072,8140,6,4,2014-12-08,Promosi
2073,8143,22,2,2009-03-20,Promosi
2074,8143,6,2,2015-03-05,Alih Tugas
2075,8143,5,2,2021-01-19,Alih Tugas
2076,8148,29,46,2003-05-10,Rotasi
2077,8152,4,44,2020-02-26,Promosi
2078,8157,46,35,1991-12-14,Alih Tugas
2079,8162,23,13,2019-01-25,Promosi
2080,8162,12,13,2025-05-05,Promosi
2081,8164,1,35,2019-01-18,Promosi
2082,8168,12,5,1999-01-01,Rotasi
2083,8170,35,46,2013-07-22,Alih Tugas
2084,8170,18,46,2018-08-22,Promosi
2085,8177,39,15,2011-09-06,Rotasi
2086,8177,46,15,2015-06-05,Rotasi
2087,8190,45,27,2028-11-13,Rotasi
2088,8195,34,33,2026-06-26,Promosi
2089,8212,31,35,2001-09-14,Alih Tugas
2090,8212,25,35,2005-07-03,Rotasi
2091,8212,45,35,2010-02-01,Promosi
2092,8213,16,12,2005-09-13,Alih Tugas
2093,8213,1,12,2010-11-06,Rotasi
2094,8233,7,9,2002-07-17,Rotasi
2095,8237,10,47,2018-04-06,Promosi
2096,8237,6,47,2024-08-27,Promosi
2097,8242,42,28,2015-01-24,Promosi
2098,8246,36,45,1991-03-09,Rotasi
2099,8246,27,45,1996-03-06,Alih Tugas
2100,8252,13,25,2028-09-12,Rotasi
2101,8259,37,36,2002-01-20,Promosi
2102,8259,2,36,2008-10-04,Rotasi
2103,8259,38,36,2013-08-17,Alih Tugas
2104,8260,25,6,2018-10-16,Rotasi
2105,8261,39,32,2029-03-07,Rotasi
2106,8264,22,13,2008-05-05,Promosi
2107,8268,5,12,2006-05-01,Promosi
2108,8268,42,12,2011-09-20,Promosi
2109,8268,36,12,2015-06-18,Alih Tugas
2110,8269,39,4,2007-08-27,Rotasi
2111,8276,10,26,2027-07-24,Promosi
2112,8279,21,29,2005-10-18,Promosi
2113,8373,37,19,2021-08-16,Alih Tugas
2114,8298,24,19,2018-09-17,Promosi
2115,8300,41,1,2009-11-09,Alih Tugas
2116,8300,37,1,2015-08-24,Alih Tugas
2117,8300,43,1,2019-10-12,Rotasi
2118,8306,6,33,2008-07-18,Alih Tugas
2119,8306,10,33,2013-12-05,Rotasi
2120,8306,8,33,2017-05-13,Rotasi
2121,8307,6,40,2022-12-14,Rotasi
2122,8310,43,4,2005-02-05,Rotasi
2123,8316,38,44,2028-09-05,Rotasi
2124,8317,10,27,2023-05-10,Promosi
2125,8324,23,46,2028-04-06,Rotasi
2126,8326,9,10,2028-11-16,Promosi
2127,8331,46,24,2025-11-06,Rotasi
2128,8335,32,29,1994-04-07,Rotasi
2129,8351,10,27,2026-04-04,Alih Tugas
2130,8354,47,7,2028-06-01,Rotasi
2131,8357,39,5,1997-10-15,Rotasi
2132,8357,41,5,2001-07-04,Rotasi
2133,8359,22,25,2018-07-06,Rotasi
2134,8368,3,36,2009-07-27,Alih Tugas
2135,8368,10,36,2012-06-26,Rotasi
2136,8368,38,36,2018-08-08,Rotasi
2137,8369,39,41,1995-07-19,Rotasi
2138,8374,42,7,1995-04-07,Rotasi
2139,8382,28,8,2025-04-24,Rotasi
2140,8395,47,19,1999-03-11,Rotasi
2141,8395,24,19,2004-08-19,Rotasi
2142,8395,31,19,2008-02-26,Rotasi
2143,8437,13,35,2026-02-08,Rotasi
2144,8443,34,22,2001-06-09,Alih Tugas
2145,8455,47,42,2010-12-13,Rotasi
2146,8455,15,42,2014-02-02,Alih Tugas
2147,8463,4,34,2011-01-05,Rotasi
2148,8463,10,34,2014-06-17,Rotasi
2149,8468,34,30,2011-05-16,Rotasi
2150,8480,36,9,2005-02-24,Rotasi
2151,8480,31,9,2011-02-09,Alih Tugas
2152,8482,22,37,2011-03-21,Promosi
2153,8484,26,2,2022-08-06,Alih Tugas
2154,8488,44,32,2005-04-21,Rotasi
2155,8488,23,32,2010-07-25,Rotasi
2156,8488,14,32,2016-09-27,Rotasi
2157,8489,1,43,2023-09-10,Rotasi
2158,8494,45,26,2001-05-17,Alih Tugas
2159,8496,18,19,2017-08-03,Rotasi
2160,8496,6,19,2023-09-06,Rotasi
2161,8498,22,15,2009-02-10,Promosi
2162,8498,18,15,2014-02-13,Rotasi
2163,8509,32,4,2000-04-23,Rotasi
2164,8509,14,4,2005-02-11,Alih Tugas
2165,8511,15,14,2009-03-10,Promosi
2166,8512,4,31,2020-07-25,Promosi
2167,8514,37,11,2008-01-27,Rotasi
2168,8514,14,11,2014-05-26,Promosi
2169,8514,43,11,2019-06-27,Rotasi
2170,8523,4,1,2011-03-14,Rotasi
2171,8523,11,1,2014-10-08,Promosi
2172,8527,24,25,2006-06-07,Rotasi
2173,8527,40,25,2011-01-15,Alih Tugas
2174,8531,19,15,2018-09-10,Alih Tugas
2175,8531,3,15,2021-01-12,Rotasi
2176,8532,40,9,2003-08-13,Rotasi
2177,8534,27,9,2027-12-09,Rotasi
2178,8539,15,37,2009-12-04,Promosi
2179,8539,5,37,2013-07-07,Rotasi
2180,8539,4,37,2017-01-12,Rotasi
2181,8541,33,9,2006-03-06,Alih Tugas
2182,8541,42,9,2012-08-17,Promosi
2183,8545,23,18,2017-12-28,Rotasi
2184,8545,6,18,2023-01-18,Promosi
2185,8551,27,12,2019-06-07,Rotasi
2186,8552,29,1,2019-01-24,Rotasi
2187,8561,38,26,2014-06-04,Alih Tugas
2188,8562,14,16,2008-05-11,Rotasi
2189,8562,17,16,2011-07-08,Rotasi
2190,8563,10,13,2018-09-13,Promosi
2191,8567,25,36,2027-02-24,Rotasi
2192,8570,32,29,2007-11-05,Rotasi
2193,8570,6,29,2012-03-14,Rotasi
2194,8570,20,29,2016-08-21,Rotasi
2195,8571,40,27,2010-11-13,Rotasi
2196,8574,38,35,2019-09-28,Promosi
2197,8574,47,35,2024-02-19,Rotasi
2198,8580,17,19,2008-07-18,Alih Tugas
2199,8580,31,19,2013-07-27,Alih Tugas
2200,8586,39,18,2028-08-12,Rotasi
2201,8588,26,3,2006-07-18,Rotasi
2202,8588,5,3,2012-01-02,Alih Tugas
2203,8590,25,21,2006-11-14,Alih Tugas
2204,8594,21,39,2013-02-06,Rotasi
2205,8599,15,13,1993-10-16,Promosi
2206,8599,10,13,1999-09-03,Rotasi
2207,8604,33,19,2026-05-02,Alih Tugas
2208,8609,26,3,2018-10-12,Rotasi
2209,8613,11,30,2019-08-01,Rotasi
2210,8613,25,30,2022-10-27,Promosi
2211,8625,34,3,1999-10-20,Rotasi
2212,8625,38,3,2004-02-19,Promosi
2213,8628,20,12,2012-10-16,Alih Tugas
2214,8630,35,14,2010-06-21,Rotasi
2215,8643,33,9,2028-02-08,Alih Tugas
2216,8644,17,36,2028-02-28,Promosi
2217,8653,41,46,2029-07-25,Rotasi
2218,8657,17,14,2025-09-17,Rotasi
2219,8659,10,34,1997-08-08,Promosi
2220,8666,22,19,2007-09-11,Alih Tugas
2221,8666,20,19,2011-10-04,Promosi
2222,8666,46,19,2016-01-02,Rotasi
2223,8670,5,11,2014-03-07,Alih Tugas
2224,8670,3,11,2018-03-28,Alih Tugas
2225,8671,9,30,2010-08-16,Rotasi
2226,8671,46,30,2014-03-24,Promosi
2227,8672,37,26,2016-01-28,Promosi
2228,8676,46,43,2029-07-26,Rotasi
2229,8693,19,37,2006-11-13,Rotasi
2230,8693,20,37,2010-02-19,Rotasi
2231,8693,12,37,2016-04-18,Alih Tugas
2232,8694,46,21,2008-11-18,Rotasi
2233,8694,25,21,2014-03-19,Promosi
2234,8697,19,12,2018-10-12,Alih Tugas
2235,8697,15,12,2024-08-01,Promosi
2236,8699,37,46,2014-09-12,Promosi
2237,8700,5,12,2005-01-27,Rotasi
2238,8702,18,9,2008-05-19,Rotasi
2239,8702,14,9,2013-09-25,Rotasi
2240,8704,4,30,2007-07-04,Rotasi
2241,8704,28,30,2012-06-14,Promosi
2242,8718,5,42,2007-01-08,Promosi
2243,8718,43,42,2013-01-06,Rotasi
2244,8718,14,42,2017-01-14,Promosi
2245,8727,8,3,2011-07-03,Rotasi
2246,8733,22,24,2004-07-16,Alih Tugas
2247,8733,16,24,2007-10-08,Rotasi
2248,8737,44,24,2029-05-11,Rotasi
2249,8742,42,28,2015-02-09,Rotasi
2250,8750,22,20,2013-07-21,Alih Tugas
2251,8752,11,4,2029-02-21,Rotasi
2252,8767,22,14,2025-05-17,Rotasi
2253,8768,19,21,2007-01-21,Rotasi
2254,8768,13,21,2012-09-06,Promosi
2255,8773,4,8,2028-04-02,Rotasi
2256,8796,32,27,2015-05-07,Rotasi
2257,8796,31,27,2020-01-22,Promosi
2258,8800,12,5,2025-07-20,Rotasi
2259,8801,27,37,2018-07-02,Rotasi
2260,8804,25,46,2019-01-10,Rotasi
2261,8804,10,46,2025-03-12,Rotasi
2262,8808,6,32,2016-05-08,Rotasi
2263,8809,30,37,1997-11-19,Promosi
2264,8811,8,28,2013-10-16,Alih Tugas
2265,8811,47,28,2016-03-19,Rotasi
2266,8814,37,4,2001-01-18,Rotasi
2267,8814,32,4,2007-04-02,Rotasi
2268,8814,18,4,2010-09-21,Rotasi
2269,8817,3,27,2025-03-12,Rotasi
2270,8824,5,37,2011-07-09,Promosi
2271,8827,12,15,2015-02-02,Rotasi
2272,8827,10,15,2018-03-12,Alih Tugas
2273,8830,21,23,2007-09-10,Promosi
2274,8830,33,23,2012-03-04,Alih Tugas
2275,8837,33,32,2026-01-08,Rotasi
2276,8842,1,39,2024-03-19,Promosi
2277,8848,6,4,2028-04-21,Rotasi
2278,8851,42,19,1998-06-20,Alih Tugas
2279,8851,34,19,2001-01-03,Alih Tugas
2280,8854,26,25,2001-07-07,Alih Tugas
2281,8855,33,15,2024-04-22,Rotasi
2282,8859,15,12,2026-09-04,Rotasi
2283,8864,41,13,2015-07-12,Rotasi
2284,8865,18,7,2016-02-23,Promosi
2285,8865,19,7,2021-08-06,Rotasi
2286,8871,19,30,2018-02-01,Promosi
2287,8888,3,42,2028-05-25,Alih Tugas
2288,8891,19,32,2011-11-22,Promosi
2289,8891,2,32,2014-01-27,Rotasi
2290,8904,2,28,2028-05-25,Alih Tugas
2291,8906,33,4,2027-11-10,Rotasi
2292,8919,18,24,2023-04-25,Alih Tugas
2293,8920,35,33,2027-10-08,Rotasi
2294,8926,42,40,2006-12-04,Rotasi
2295,8933,31,30,2029-04-23,Rotasi
2296,8954,28,29,2027-04-28,Rotasi
2297,8964,29,7,2016-08-05,Promosi
2298,8964,17,7,2021-08-15,Promosi
2299,8971,36,11,2001-01-26,Rotasi
2300,8971,10,11,2004-11-07,Rotasi
2301,8974,34,47,2008-04-11,Rotasi
2302,8974,37,47,2014-02-11,Promosi
2303,8983,33,27,2013-08-12,Rotasi
2304,8983,12,27,2017-04-07,Promosi
2305,8985,38,8,2027-04-15,Rotasi
2306,8988,10,4,1999-06-14,Rotasi
2307,8988,16,4,2004-10-25,Rotasi
2308,8990,39,24,2029-11-24,Alih Tugas
2309,8991,27,24,2014-01-14,Promosi
2310,8998,13,23,2000-01-10,Alih Tugas
2311,8999,7,12,2011-10-15,Rotasi
2312,8999,6,12,2017-09-07,Alih Tugas
2313,9004,6,46,2018-08-01,Rotasi
2314,9004,32,46,2024-06-24,Rotasi
2315,9029,1,4,2010-05-07,Promosi
2316,9029,35,4,2015-10-23,Rotasi
2317,9030,19,25,2022-03-07,Rotasi
2318,9049,11,46,2027-11-26,Rotasi
2319,9052,45,39,2022-02-26,Rotasi
2320,9055,29,24,2009-09-09,Promosi
2321,9055,36,24,2012-07-12,Alih Tugas
2322,9055,46,24,2017-06-27,Alih Tugas
2323,9061,6,11,2029-06-22,Rotasi
2324,9062,41,20,2006-10-13,Promosi
2325,9074,23,36,2007-11-23,Rotasi
2326,9074,46,36,2013-08-17,Rotasi
2327,9074,4,36,2016-10-05,Promosi
2328,9082,13,6,2025-06-25,Rotasi
2329,9091,11,36,2004-04-22,Alih Tugas
2330,9091,4,36,2009-06-28,Rotasi
2331,9091,6,36,2012-09-27,Rotasi
2332,9096,2,45,2000-03-26,Rotasi
2333,9096,22,45,2006-06-03,Alih Tugas
2334,9100,27,40,2029-04-15,Rotasi
2335,9103,21,17,2027-10-23,Rotasi
2336,9108,25,44,1990-07-26,Rotasi
2337,9113,45,35,2023-08-03,Rotasi
2338,9122,1,43,2015-07-06,Promosi
2339,9122,1,43,2020-09-17,Rotasi
2340,9132,23,21,2006-04-22,Promosi
2341,9133,26,16,2027-05-12,Rotasi
2342,9136,2,18,2018-05-16,Promosi
2343,9136,1,18,2022-11-17,Rotasi
2344,9138,43,18,1997-01-19,Promosi
2345,9139,22,41,2028-04-20,Alih Tugas
2346,9141,15,46,1999-04-22,Rotasi
2347,9155,12,43,2028-10-27,Rotasi
2348,9156,12,16,2014-10-28,Rotasi
2349,9163,1,43,1996-07-12,Rotasi
2350,9163,3,43,1999-09-14,Rotasi
2351,9163,38,43,2003-04-07,Rotasi
2352,9164,14,46,2027-09-23,Alih Tugas
2353,9173,34,39,2007-06-16,Rotasi
2354,9173,10,39,2013-04-13,Alih Tugas
2355,9173,28,39,2016-04-10,Rotasi
2356,9176,29,32,1993-05-01,Rotasi
2357,9180,5,4,2007-12-26,Rotasi
2358,9180,44,4,2012-11-06,Alih Tugas
2359,9180,27,4,2015-04-21,Rotasi
2360,9193,26,25,2019-11-08,Alih Tugas
2361,9193,36,25,2025-01-10,Alih Tugas
2362,9196,18,14,2019-09-19,Rotasi
2363,9196,26,14,2025-10-08,Rotasi
2364,9202,8,5,2007-04-13,Rotasi
2365,9205,18,32,2023-12-16,Rotasi
2366,9207,47,8,2017-11-19,Rotasi
2367,9207,16,8,2023-05-13,Alih Tugas
2368,9217,37,22,2018-02-27,Promosi
2369,9217,12,22,2023-07-05,Rotasi
2370,9221,44,24,1998-02-01,Rotasi
2371,9222,12,28,2005-01-23,Rotasi
2372,9222,3,28,2008-06-23,Rotasi
2373,9225,21,47,2008-08-02,Promosi
2374,9225,8,47,2014-06-08,Promosi
2375,9225,39,47,2018-05-01,Rotasi
2376,9232,2,41,2016-04-07,Promosi
2377,9233,45,25,2022-02-14,Rotasi
2378,9236,47,7,2017-01-24,Rotasi
2379,9246,25,1,2005-11-02,Alih Tugas
2380,9250,41,5,2024-05-03,Rotasi
2381,9256,29,38,2028-07-09,Promosi
2382,9279,23,42,2025-10-12,Alih Tugas
2383,9281,37,46,2018-08-15,Promosi
2384,9281,21,46,2023-08-26,Alih Tugas
2385,9290,40,42,2009-01-12,Rotasi
2386,9290,4,42,2013-03-22,Rotasi
2387,9292,17,10,2026-04-11,Promosi
2388,9304,23,10,2013-11-04,Promosi
2389,9307,42,47,2016-10-05,Rotasi
2390,9307,24,47,2022-09-21,Rotasi
2391,9309,30,39,2006-05-13,Alih Tugas
2392,9321,3,33,2018-12-01,Rotasi
2393,9322,11,20,2024-01-27,Promosi
2394,9339,4,43,2028-10-04,Promosi
2395,9345,35,1,2017-07-04,Rotasi
2396,9351,15,42,1990-05-21,Promosi
2397,9351,17,42,1995-11-24,Rotasi
2398,9351,22,42,2000-11-24,Rotasi
2399,9354,9,30,2021-05-09,Rotasi
2400,9358,32,40,2016-09-28,Rotasi
2401,9358,15,40,2022-06-06,Alih Tugas
2402,9369,12,11,2027-05-18,Rotasi
2403,9382,24,7,2024-07-27,Rotasi
2404,9385,44,19,2020-02-10,Rotasi
2405,9389,8,47,2028-06-22,Rotasi
2406,9394,45,3,2025-11-23,Rotasi
2407,9400,20,38,2028-01-17,Alih Tugas
2408,9404,18,34,1999-05-18,Alih Tugas
2409,9410,21,1,2024-09-17,Rotasi
2410,9411,21,45,2009-07-22,Rotasi
2411,9411,44,45,2012-01-13,Rotasi
2412,9426,37,19,2020-07-20,Promosi
2413,9427,5,24,2014-05-16,Promosi
2414,9433,36,16,2014-10-23,Rotasi
2415,9433,46,16,2018-05-24,Rotasi
2416,9444,15,21,1992-04-22,Rotasi
2417,9447,35,41,2013-09-10,Alih Tugas
2418,9450,6,35,2010-07-06,Promosi
2419,9453,35,23,2025-08-22,Rotasi
2420,9455,14,39,2016-07-01,Rotasi
2421,9455,20,39,2020-05-03,Promosi
2422,9468,4,6,2018-01-15,Promosi
2423,9468,13,6,2022-07-08,Promosi
2424,9473,13,41,1999-01-07,Rotasi
2425,9473,38,41,2005-07-04,Rotasi
2426,9473,9,41,2009-05-19,Rotasi
2427,9474,25,29,1997-05-01,Rotasi
2428,9474,15,29,2001-12-03,Promosi
2429,9474,6,29,2005-11-10,Rotasi
2430,9481,10,29,2029-06-25,Rotasi
2431,9489,34,17,2004-09-18,Alih Tugas
2432,9489,15,17,2007-04-07,Rotasi
2433,9490,22,5,2021-06-12,Rotasi
2434,9494,3,6,2021-05-03,Promosi
2435,9495,28,18,2016-05-05,Rotasi
2436,9500,35,13,2001-08-13,Rotasi
2437,9500,4,13,2006-03-13,Rotasi
2438,9513,30,5,2018-12-02,Alih Tugas
2439,9515,23,20,2004-10-11,Rotasi
2440,9515,8,20,2010-11-15,Promosi
2441,9515,26,20,2016-06-20,Rotasi
2442,9525,2,14,2015-03-21,Rotasi
2443,9525,30,14,2018-08-24,Rotasi
2444,9540,14,21,2023-10-20,Rotasi
2445,9542,6,15,2007-09-12,Alih Tugas
2446,9542,39,15,2012-11-15,Promosi
2447,9542,38,15,2017-05-17,Alih Tugas
2448,9543,10,23,2020-04-02,Rotasi
2449,9546,7,13,2005-02-08,Rotasi
2450,9546,40,13,2008-06-27,Rotasi
2451,9548,2,25,2017-04-23,Promosi
2452,9548,47,25,2020-10-10,Promosi
2453,9550,14,3,2006-04-01,Rotasi
2454,9550,4,3,2009-12-03,Rotasi
2455,9551,40,14,2019-04-14,Rotasi
2456,9551,19,14,2025-05-12,Promosi
2457,9557,16,13,2021-11-23,Rotasi
2458,9561,34,14,2009-10-02,Alih Tugas
2459,9561,28,14,2012-07-19,Rotasi
2460,9564,44,38,2027-10-07,Rotasi
2461,9565,23,4,2027-03-14,Alih Tugas
2462,9570,26,1,2013-05-10,Rotasi
2463,9570,5,1,2016-08-08,Alih Tugas
2464,9572,14,43,2029-12-12,Rotasi
2465,9583,45,11,2001-02-17,Alih Tugas
2466,9583,31,11,2004-11-20,Alih Tugas
2467,9583,27,11,2010-09-21,Alih Tugas
2468,9599,26,28,2023-08-03,Rotasi
2469,9603,28,5,2020-07-20,Rotasi
2470,9615,18,25,2006-11-21,Promosi
2471,9621,5,8,2016-06-01,Rotasi
2472,9621,1,8,2022-05-26,Rotasi
2473,9627,37,46,2028-09-12,Promosi
2474,9633,28,16,2004-05-10,Promosi
2475,9646,16,15,2018-09-03,Rotasi
2476,9646,24,15,2023-04-28,Promosi
2477,9648,18,7,2013-08-19,Rotasi
2478,9662,43,10,2007-01-14,Rotasi
2479,9662,24,10,2013-04-12,Rotasi
2480,9662,4,10,2018-10-05,Promosi
2481,9666,39,26,2016-02-19,Rotasi
2482,9667,47,10,2028-12-12,Rotasi
2483,9681,6,41,2026-03-20,Promosi
2484,9685,24,26,2007-02-20,Promosi
2485,9691,24,37,2014-12-20,Promosi
2486,9691,12,37,2018-07-08,Rotasi
2487,9694,14,46,2027-09-12,Rotasi
2488,9698,15,6,1999-12-01,Alih Tugas
2489,9698,28,6,2002-02-16,Rotasi
2490,9698,47,6,2007-02-28,Rotasi
2491,9700,3,34,2023-04-06,Alih Tugas
2492,9702,27,32,2009-03-18,Rotasi
2493,9748,24,28,2013-07-11,Rotasi
2494,9748,40,28,2016-04-11,Promosi
2495,9749,4,13,2018-03-08,Alih Tugas
2496,9749,36,13,2023-10-18,Rotasi
2497,9763,17,13,2028-05-27,Rotasi
2498,9768,25,38,2012-03-03,Rotasi
2499,9768,47,38,2017-03-08,Alih Tugas
2500,9769,43,28,2028-10-12,Rotasi
2501,9770,33,9,2025-12-05,Rotasi
2502,9775,3,42,2018-05-26,Rotasi
2503,9775,1,42,2023-02-09,Rotasi
2504,9789,21,23,2026-02-12,Rotasi
2505,9791,34,3,1993-10-20,Rotasi
2506,9791,33,3,1996-03-07,Alih Tugas
2507,9791,39,3,2002-02-28,Rotasi
2508,9792,26,4,2016-10-22,Alih Tugas
2509,9792,2,4,2019-10-14,Promosi
2510,9799,9,36,2027-11-21,Rotasi
2511,9801,21,47,2022-05-14,Rotasi
2512,9806,28,8,2028-08-01,Promosi
2513,9807,9,5,2027-07-05,Promosi
2514,9808,19,47,2018-08-05,Promosi
2515,9812,27,17,2022-02-12,Rotasi
2516,9813,1,21,1997-04-17,Rotasi
2517,9813,11,21,2001-05-10,Promosi
2518,9814,42,1,2015-06-10,Rotasi
2519,9818,41,3,2006-11-13,Promosi
2520,9818,14,3,2009-07-18,Alih Tugas
2521,9818,4,3,2013-07-02,Rotasi
2522,9820,6,15,2008-06-28,Rotasi
2523,9820,35,15,2012-04-10,Rotasi
2524,9820,3,15,2016-05-28,Promosi
2525,9835,34,22,2003-09-16,Alih Tugas
2526,9835,5,22,2008-01-21,Rotasi
2527,9835,19,22,2013-09-01,Rotasi
2528,9840,3,44,1995-07-09,Rotasi
2529,9840,38,44,1999-07-03,Rotasi
2530,9843,3,12,2004-10-04,Promosi
2531,9843,44,12,2010-06-19,Rotasi
2532,9847,9,13,2001-11-20,Rotasi
2533,9847,41,13,2006-05-08,Rotasi
2534,9847,12,13,2011-03-09,Rotasi
2535,9851,4,32,2013-03-10,Promosi
2536,9863,29,15,1997-02-03,Promosi
2537,9863,8,15,2003-09-03,Promosi
2538,9874,12,29,2021-12-19,Rotasi
2539,9877,28,35,2023-07-12,Promosi
2540,9895,2,38,2002-01-05,Rotasi
2541,9895,8,38,2006-11-27,Rotasi
2542,9900,15,38,2018-11-18,Promosi
2543,9905,46,6,2008-09-26,Alih Tugas
2544,9905,43,6,2013-01-18,Rotasi
2545,9910,44,21,2024-05-20,Rotasi
2546,9911,14,22,2016-12-01,Rotasi
2547,9911,46,22,2020-09-10,Alih Tugas
2548,9912,34,11,2018-11-14,Rotasi
2549,9914,7,23,2020-03-09,Alih Tugas
2550,9915,33,13,2019-01-09,Rotasi
2551,9915,7,13,2022-09-02,Rotasi
2552,9926,37,16,2008-01-13,Rotasi
2553,9926,11,16,2014-11-17,Promosi
2554,9929,44,14,2008-09-12,Alih Tugas
2555,9929,27,14,2012-05-11,Alih Tugas
2556,9934,18,44,2026-10-16,Promosi
2557,9939,40,42,2007-10-10,Alih Tugas
2558,9939,20,42,2011-09-07,Rotasi
2559,9942,14,23,2019-04-26,Promosi
2560,9942,43,23,2022-02-08,Rotasi
2561,9944,36,11,2006-09-05,Promosi
2562,9944,35,11,2012-01-11,Rotasi
2563,9944,46,11,2015-01-04,Rotasi
2564,9945,10,45,2027-08-11,Rotasi
2565,9947,12,38,2021-08-17,Alih Tugas
2566,9950,23,5,2028-03-26,Alih Tugas
2567,9955,37,25,2020-12-25,Alih Tugas
2568,9956,19,47,2028-02-19,Rotasi
2569,9957,20,28,2010-04-24,Alih Tugas
2570,9969,3,37,2018-11-14,Rotasi
2571,9969,44,37,2024-05-13,Rotasi
2572,9979,42,44,2008-05-04,Rotasi
2573,9979,10,44,2013-09-20,Alih Tugas
2574,9981,14,13,2028-02-22,Alih Tugas
2575,9988,11,8,2024-03-08,Rotasi
2576,9990,4,30,1992-02-13,Promosi
2577,9990,25,30,1995-02-18,Alih Tugas
2578,9990,43,30,1998-06-16,Promosi
2579,9995,29,16,1994-06-20,Alih Tugas
2580,10006,6,38,2028-08-04,Rotasi
2581,10021,14,36,2018-09-08,Rotasi
2582,10023,47,3,2025-09-03,Rotasi
2583,10024,36,1,1997-12-14,Promosi
2584,10028,17,36,2009-02-10,Rotasi
2585,10028,24,36,2013-04-06,Promosi
2586,10028,33,36,2016-09-06,Promosi
2587,10029,33,37,2006-11-07,Promosi
2588,10029,29,37,2011-06-21,Rotasi
2589,10030,38,40,1995-03-05,Rotasi
2590,10030,23,40,2001-01-25,Alih Tugas
2591,10030,23,40,2005-04-21,Rotasi
2592,10031,20,25,2019-01-10,Rotasi
2593,10031,35,25,2024-10-23,Promosi
2594,10037,31,1,2007-06-13,Promosi
2595,10041,6,10,2028-02-20,Alih Tugas
2596,10052,33,3,1999-09-01,Alih Tugas
2597,10052,21,3,2002-03-24,Rotasi
2598,10056,5,18,2012-02-23,Rotasi
2599,10059,42,13,2005-06-20,Alih Tugas
2600,10063,15,29,1998-11-05,Rotasi
2601,10066,43,12,2020-09-09,Rotasi
2602,10068,23,21,2007-05-22,Promosi
2603,10068,17,21,2010-10-12,Promosi
2604,10071,13,27,2027-03-26,Rotasi
2605,10072,18,37,2024-10-09,Promosi
2606,10077,44,24,1999-06-06,Rotasi
2607,10077,39,24,2002-09-23,Promosi
2608,10081,20,43,2027-12-06,Alih Tugas
2609,10082,8,14,2020-06-21,Rotasi
2610,10083,8,21,2018-09-07,Rotasi
2611,10085,27,45,2028-12-25,Promosi
2612,10089,38,12,2020-09-08,Rotasi
2613,10095,34,22,2009-10-18,Rotasi
2614,10095,47,22,2014-09-18,Rotasi
2615,10099,33,24,2018-06-24,Alih Tugas
2616,10099,8,24,2021-07-02,Rotasi
2617,10107,31,7,1999-06-10,Promosi
2618,10107,21,7,2002-01-26,Rotasi
2619,10107,40,7,2005-04-12,Alih Tugas
2620,10108,45,44,2027-05-09,Alih Tugas
2621,10119,21,3,2012-01-21,Promosi
2622,10128,13,26,2008-06-17,Rotasi
2623,10128,36,26,2011-09-13,Alih Tugas
2624,10128,27,26,2017-11-01,Promosi
2625,10135,41,13,2028-05-27,Promosi
2626,10150,5,45,2023-06-08,Rotasi
2627,10151,19,38,2012-07-20,Rotasi
2628,10151,1,38,2016-08-15,Rotasi
2629,10183,27,23,2027-07-27,Alih Tugas
2630,10189,1,16,2004-10-22,Rotasi
2631,10189,38,16,2008-05-12,Rotasi
2632,10206,41,43,2018-05-12,Rotasi
2633,10206,40,43,2024-01-04,Alih Tugas
2634,10215,10,47,2019-01-28,Rotasi
2635,10215,46,47,2025-02-03,Alih Tugas
2636,10222,26,22,2023-06-09,Rotasi
2637,10228,19,30,1996-12-23,Rotasi
2638,10228,14,30,2002-09-07,Promosi
2639,10228,46,30,2007-08-12,Rotasi
2640,10235,20,14,2007-05-21,Rotasi
2641,10235,15,14,2012-07-26,Promosi
2642,10238,34,39,2019-11-10,Rotasi
2643,10238,25,39,2023-09-26,Rotasi
2644,10248,8,27,2028-03-16,Alih Tugas
2645,10252,46,41,2009-03-15,Alih Tugas
2646,10252,28,41,2012-01-07,Rotasi
2647,10252,20,41,2016-05-19,Alih Tugas
2648,10253,22,35,2024-03-07,Rotasi
2649,10254,2,45,2027-06-26,Promosi
2650,10262,44,36,1998-05-27,Rotasi
2651,10262,37,36,2002-09-02,Rotasi
2652,10262,33,36,2005-02-24,Promosi
2653,10271,42,22,2022-10-02,Rotasi
2654,10275,14,25,2020-04-10,Rotasi
2655,10278,4,30,2022-03-05,Alih Tugas
2656,10289,15,8,2027-05-10,Promosi
2657,10292,47,23,2021-07-20,Rotasi
2658,10304,27,42,2015-02-11,Rotasi
2659,10304,10,42,2018-06-05,Rotasi
2660,10316,17,44,2014-08-14,Rotasi
2661,10316,38,44,2018-03-19,Promosi
2662,10319,38,40,2028-07-22,Promosi
2663,10336,23,15,1991-11-09,Rotasi
2664,10336,38,15,1994-07-25,Promosi
2665,10337,33,19,2010-04-02,Promosi
2666,10340,42,21,2010-06-05,Rotasi
2667,10340,46,21,2014-08-11,Alih Tugas
2668,10347,46,2,2013-08-06,Promosi
2669,10352,45,27,2024-10-13,Rotasi
2670,10353,25,37,2027-02-10,Promosi
2671,10356,17,36,2021-03-28,Rotasi
2672,10360,22,28,2009-06-19,Rotasi
2673,10360,24,28,2013-02-17,Alih Tugas
2674,10368,29,36,2009-11-28,Rotasi
2675,10368,27,36,2013-07-08,Alih Tugas
2676,10368,3,36,2017-06-19,Rotasi
2677,10371,21,45,2018-04-21,Promosi
2678,10371,27,45,2023-10-08,Rotasi
2679,10378,47,5,2010-04-23,Rotasi
2680,10378,23,5,2016-05-21,Promosi
2681,10382,13,20,2020-05-08,Promosi
2682,10389,9,10,2010-01-11,Alih Tugas
2683,10389,9,10,2014-02-12,Rotasi
2684,10395,47,3,2001-06-16,Rotasi
2685,10396,42,25,1999-08-09,Rotasi
2686,10410,30,5,2019-02-05,Promosi
2687,10417,13,19,2016-03-23,Rotasi
2688,10423,46,34,2022-09-21,Promosi
2689,10433,37,6,2008-05-22,Promosi
2690,10433,21,6,2013-02-06,Alih Tugas
2691,10442,24,11,2016-10-10,Alih Tugas
2692,10442,21,11,2021-04-21,Promosi
2693,10447,24,22,2013-10-03,Alih Tugas
2694,10448,34,3,2020-01-13,Rotasi
2695,10449,31,19,2027-07-15,Promosi
2696,10451,24,34,2017-08-06,Alih Tugas
2697,10453,14,5,2018-07-24,Promosi
2698,10453,25,5,2021-03-28,Promosi
2699,10456,24,28,1993-12-26,Rotasi
2700,10456,25,28,1999-10-01,Promosi
2701,10467,9,21,2014-08-20,Promosi
2702,10467,33,21,2018-10-19,Rotasi
2703,10470,6,24,2029-05-09,Rotasi
2704,10472,23,6,2007-08-23,Rotasi
2705,10475,5,34,2000-02-16,Alih Tugas
2706,10475,11,34,2004-01-13,Rotasi
2707,10488,9,20,1995-04-12,Rotasi
2708,10492,20,38,1993-12-04,Rotasi
2709,10492,36,38,1998-08-07,Alih Tugas
2710,10492,8,38,2001-07-10,Alih Tugas
2711,10504,39,34,2027-12-04,Rotasi
2712,10533,11,10,2029-03-20,Alih Tugas
2713,10550,36,13,2017-05-14,Promosi
2714,10550,30,13,2023-01-17,Alih Tugas
2715,10563,30,6,2012-11-11,Rotasi
2716,10568,9,33,2018-10-23,Promosi
2717,10568,2,33,2024-07-08,Alih Tugas
2718,10572,35,9,2025-04-23,Rotasi
2719,10575,37,4,1993-11-01,Rotasi
2720,10575,44,4,1999-08-12,Promosi
2721,10575,11,4,2004-09-21,Rotasi
2722,10602,20,7,2008-10-15,Promosi
2723,10602,3,7,2013-08-05,Rotasi
2724,10607,28,47,2023-09-23,Rotasi
2725,10615,30,13,2025-08-19,Promosi
2726,10625,30,43,2015-08-08,Rotasi
2727,10625,15,43,2020-07-18,Rotasi
2728,10628,21,6,2019-09-22,Promosi
2729,10628,23,6,2023-08-10,Rotasi
2730,10638,34,33,2002-12-19,Rotasi
2731,10640,7,4,1999-05-24,Rotasi
2732,10655,28,27,2017-06-18,Alih Tugas
2733,10655,10,27,2021-05-01,Promosi
2734,10656,33,2,2028-11-06,Rotasi
2735,10659,9,5,2012-01-14,Rotasi
2736,10659,35,5,2017-11-20,Rotasi
2737,10668,8,25,1996-04-08,Rotasi
2738,10668,11,25,1999-03-20,Rotasi
2739,10668,22,25,2004-12-25,Rotasi
2740,10670,42,1,2004-05-09,Rotasi
2741,10670,17,1,2008-03-11,Promosi
2742,10676,19,47,2017-04-13,Alih Tugas
2743,10682,21,44,2022-01-11,Alih Tugas
2744,10690,22,18,2013-01-06,Rotasi
2745,10690,30,18,2018-06-05,Promosi
2746,10692,26,10,2028-06-21,Rotasi
2747,10694,28,38,2029-03-20,Alih Tugas
2748,10698,6,8,2001-06-18,Promosi
2749,10698,17,8,2007-02-20,Promosi
2750,10706,6,12,2001-02-11,Promosi
2751,10710,7,30,2003-07-12,Rotasi
2752,10711,4,15,2005-12-03,Promosi
2753,10711,42,15,2010-04-16,Rotasi
2754,10711,43,15,2016-06-03,Rotasi
2755,10712,24,3,2024-02-19,Rotasi
2756,10715,47,6,2006-03-01,Rotasi
2757,10715,36,6,2010-09-13,Rotasi
2758,10715,43,6,2015-12-22,Alih Tugas
2759,10716,31,27,2018-02-16,Rotasi
2760,10733,19,17,2019-10-12,Rotasi
2761,10733,7,17,2022-11-20,Alih Tugas
2762,10735,26,8,2013-05-11,Alih Tugas
2763,10741,14,7,1990-07-27,Rotasi
2764,10741,28,7,1995-09-08,Promosi
2765,10747,27,32,2015-08-24,Promosi
2766,10759,27,41,2002-11-24,Promosi
2767,10759,27,41,2005-06-23,Rotasi
2768,10759,24,41,2011-02-14,Alih Tugas
2769,10765,3,2,2014-09-22,Rotasi
2770,10765,9,2,2019-06-13,Rotasi
2771,10766,21,5,2016-09-27,Alih Tugas
2772,10766,45,5,2020-03-28,Rotasi
2773,10774,12,14,2019-04-27,Rotasi
2774,10774,41,14,2022-03-16,Rotasi
2775,10775,17,8,2014-02-05,Rotasi
2776,10785,39,10,2010-07-25,Rotasi
2777,10785,25,10,2015-01-03,Alih Tugas
2778,10787,19,38,2026-04-06,Rotasi
2779,10790,11,17,2027-03-05,Promosi
2780,10795,46,45,2028-09-07,Alih Tugas
2781,10810,11,4,2024-06-05,Rotasi
2782,10827,1,43,2027-05-26,Alih Tugas
2783,10834,29,33,2028-12-12,Alih Tugas
2784,10835,44,43,1995-03-14,Alih Tugas
2785,10835,20,43,2001-06-04,Promosi
2786,10837,40,44,2028-08-12,Rotasi
2787,10841,15,4,2012-08-26,Promosi
2788,10841,23,4,2017-11-25,Rotasi
2789,10879,24,16,1996-06-03,Rotasi
2790,10886,15,22,2028-06-11,Rotasi
2791,10891,38,11,2028-09-03,Promosi
2792,10894,14,33,2028-01-15,Promosi
2793,10908,8,11,2011-02-10,Rotasi
2794,10908,18,11,2016-08-24,Rotasi
2795,10911,11,9,2000-04-13,Rotasi
2796,10911,19,9,2005-10-13,Promosi
2797,10912,2,9,2009-05-28,Alih Tugas
2798,10913,38,10,2024-02-23,Promosi
2799,10917,8,34,2028-08-26,Rotasi
2800,10923,31,28,2028-08-11,Rotasi
2801,10926,20,42,2026-05-10,Rotasi
2802,10929,30,26,2023-12-17,Rotasi
2803,10932,24,18,2016-11-23,Promosi
2804,10932,10,18,2019-09-27,Promosi
2805,10944,34,46,2015-09-02,Rotasi
2806,10944,22,46,2019-02-12,Rotasi
2807,10947,20,4,2008-12-05,Rotasi
2808,10955,38,9,2027-08-26,Rotasi
2809,10956,43,13,2016-06-28,Promosi
2810,10958,44,26,2009-08-16,Promosi
2811,10958,40,26,2013-12-15,Rotasi
2812,10960,25,40,2020-07-21,Rotasi
2813,10963,20,32,2018-01-08,Rotasi
2814,10963,31,32,2021-12-02,Promosi
2815,10965,28,38,1999-11-22,Rotasi
2816,10976,27,44,2015-06-08,Rotasi
2817,10976,30,44,2018-10-01,Alih Tugas
2818,10978,14,20,1999-04-19,Promosi
2819,10978,22,20,2005-03-07,Alih Tugas
2820,10985,19,21,2006-10-18,Rotasi
2821,10985,40,21,2009-12-12,Rotasi
2822,10990,37,14,2011-02-13,Rotasi
2823,10994,5,40,2026-02-19,Rotasi
2824,10995,4,34,2012-05-20,Rotasi
2825,10995,40,34,2018-10-16,Promosi
2826,11013,17,37,2026-08-17,Rotasi
2827,11021,4,16,2016-01-21,Promosi
2828,11029,45,36,2024-04-15,Rotasi
2829,11033,17,26,1995-07-16,Alih Tugas
2830,11033,30,26,2000-11-20,Rotasi
2831,11036,41,16,2019-04-19,Rotasi
2832,11045,27,43,2019-08-09,Rotasi
2833,11045,28,43,2022-04-20,Rotasi
2834,11047,22,17,2028-06-25,Promosi
2835,11048,26,6,2027-09-05,Rotasi
2836,11051,38,41,2029-11-20,Alih Tugas
2837,11061,20,13,2019-06-09,Rotasi
2838,11063,7,17,2012-05-28,Rotasi
2839,11063,12,17,2018-10-05,Alih Tugas
2840,11064,35,10,2028-01-18,Promosi
2841,11065,26,32,2023-06-08,Alih Tugas
2842,11079,38,26,2018-11-15,Alih Tugas
2843,11080,22,39,2016-07-24,Rotasi
2844,11080,1,39,2021-09-07,Rotasi
2845,11087,14,27,2010-06-05,Promosi
2846,11087,22,27,2014-07-26,Rotasi
2847,11096,27,41,2002-05-19,Rotasi
2848,11096,8,41,2006-04-26,Rotasi
2849,11096,4,41,2011-09-12,Rotasi
2850,11103,6,19,2021-05-13,Alih Tugas
2851,11104,31,12,2026-11-24,Rotasi
2852,11105,10,34,2017-01-25,Rotasi
2853,11105,24,34,2021-03-12,Promosi
2854,11111,46,8,2005-08-04,Rotasi
2855,11112,19,34,2018-03-06,Alih Tugas
2856,11113,46,5,2017-04-12,Rotasi
2857,11113,29,5,2023-02-18,Rotasi
2858,11118,4,9,2016-11-27,Alih Tugas
2859,11118,1,9,2021-08-07,Promosi
2860,11119,25,11,2002-04-22,Alih Tugas
2861,11119,18,11,2007-06-15,Alih Tugas
2862,11119,47,11,2013-02-19,Rotasi
2863,11130,2,12,2024-02-22,Promosi
2864,11131,44,22,2026-11-05,Rotasi
2865,11133,43,47,2018-07-07,Alih Tugas
2866,11138,17,34,2005-05-02,Promosi
2867,11138,39,34,2009-07-18,Rotasi
2868,11144,25,16,2015-12-10,Alih Tugas
2869,11145,2,19,2028-08-02,Alih Tugas
2870,11150,9,42,2007-06-02,Rotasi
2871,11150,37,42,2011-07-05,Promosi
2872,11157,31,37,2021-06-02,Rotasi
2873,11167,36,47,2028-01-14,Alih Tugas
2874,11170,29,28,2006-08-21,Rotasi
2875,11170,12,28,2011-06-24,Alih Tugas
2876,11170,31,28,2016-05-16,Rotasi
2877,11172,47,29,2025-05-14,Promosi
2878,11174,40,38,2017-07-11,Rotasi
2879,11174,31,38,2023-08-06,Rotasi
2880,11177,39,19,2020-11-07,Rotasi
2881,11181,31,9,2011-08-07,Rotasi
2882,11181,7,9,2015-11-20,Alih Tugas
2883,11183,18,14,2005-08-16,Rotasi
2884,11183,35,14,2010-01-13,Rotasi
2885,11183,39,14,2013-05-16,Rotasi
2886,11197,15,36,2015-08-03,Alih Tugas
2887,11197,25,36,2021-12-18,Rotasi
2888,11200,30,34,2016-02-16,Rotasi
2889,11200,17,34,2022-03-13,Rotasi
2890,11208,13,23,2011-12-05,Promosi
2891,11208,10,23,2014-10-18,Rotasi
2892,11224,20,46,2016-03-28,Promosi
2893,11224,4,46,2020-01-27,Rotasi
2894,11226,41,26,2018-11-24,Rotasi
2895,11228,12,19,1999-05-02,Alih Tugas
2896,11228,10,19,2002-02-23,Rotasi
2897,11228,28,19,2008-07-03,Rotasi
2898,11232,34,17,2011-03-15,Rotasi
2899,11232,11,17,2017-10-06,Rotasi
2900,11237,8,39,2022-09-21,Rotasi
2901,11238,42,47,2001-06-19,Rotasi
2902,11238,32,47,2007-11-22,Promosi
2903,11238,30,47,2012-05-14,Rotasi
2904,11256,23,12,2001-11-21,Rotasi
2905,11256,2,12,2007-06-09,Rotasi
2906,11266,9,20,2013-11-15,Alih Tugas
2907,11266,6,20,2019-09-20,Rotasi
2908,11280,33,20,2017-10-18,Alih Tugas
2909,11280,16,20,2023-12-26,Promosi
2910,11295,9,4,2028-12-20,Rotasi
2911,11306,7,13,2023-10-06,Alih Tugas
2912,11309,4,37,2011-05-22,Rotasi
2913,11309,25,37,2016-04-14,Rotasi
2914,11311,10,27,2017-02-03,Rotasi
2915,11313,34,3,2011-01-03,Alih Tugas
2916,11313,45,3,2017-03-13,Alih Tugas
2917,11315,35,7,2007-11-05,Rotasi
2918,11318,30,28,2024-10-24,Promosi
2919,11324,9,14,1993-03-13,Alih Tugas
2920,11324,13,14,1998-01-07,Promosi
2921,11329,38,21,2014-05-19,Rotasi
2922,11335,36,37,2003-01-08,Rotasi
2923,11339,13,30,2017-01-19,Alih Tugas
2924,11347,12,29,2014-01-14,Rotasi
2925,11347,14,29,2018-03-12,Rotasi
2926,11353,15,18,2018-12-08,Alih Tugas
2927,11353,22,18,2024-07-22,Rotasi
2928,11359,34,16,2007-07-19,Rotasi
2929,11359,23,16,2012-03-13,Rotasi
2930,11359,19,16,2015-03-13,Promosi
2931,11360,25,9,1992-12-18,Promosi
2932,11360,39,9,1995-03-09,Alih Tugas
2933,11360,34,9,2001-02-03,Promosi
2934,11363,29,23,2026-03-15,Rotasi
2935,11365,27,3,2029-08-14,Rotasi
2936,11373,13,33,2015-11-27,Alih Tugas
2937,11373,26,33,2021-07-05,Promosi
2938,11375,41,30,2001-01-22,Rotasi
2939,11375,24,30,2005-01-18,Alih Tugas
2940,11375,6,30,2011-02-03,Rotasi
2941,11383,1,32,2017-03-16,Rotasi
2942,11386,11,47,1991-09-21,Rotasi
2943,11386,10,47,1996-06-11,Promosi
2944,11386,16,47,2000-02-01,Promosi
2945,11394,7,20,2025-06-20,Alih Tugas
2946,11396,11,47,2014-12-06,Rotasi
2947,11396,34,47,2017-08-11,Rotasi
2948,11406,16,9,2019-12-28,Rotasi
2949,11406,34,9,2023-07-07,Rotasi
2950,11426,29,41,2008-11-26,Alih Tugas
2951,11426,24,41,2014-07-08,Rotasi
2952,11429,34,28,2007-11-24,Rotasi
2953,11437,6,40,2008-08-04,Rotasi
2954,11443,10,24,2011-11-15,Rotasi
2955,11443,8,24,2014-03-23,Rotasi
2956,11451,46,34,2017-02-28,Rotasi
2957,11456,13,11,2018-06-09,Rotasi
2958,11456,32,11,2022-01-25,Promosi
2959,11465,44,23,2009-03-02,Rotasi
2960,11465,4,23,2015-12-28,Alih Tugas
2961,11468,36,42,2027-07-03,Rotasi
2962,11474,3,9,2027-04-23,Alih Tugas
2963,11481,36,4,2020-02-06,Rotasi
2964,11483,14,7,2028-12-05,Rotasi
2965,11486,7,11,2013-09-24,Promosi
2966,11486,44,11,2019-01-19,Rotasi
2967,11489,45,20,2016-02-28,Alih Tugas
2968,11489,3,20,2022-01-24,Promosi
2969,11492,7,21,2020-07-28,Rotasi
2970,11493,18,13,2026-04-13,Rotasi
2971,11496,39,11,2008-11-05,Alih Tugas
2972,11496,45,11,2011-02-15,Rotasi
2973,11500,1,13,2024-07-09,Promosi
2974,11502,33,32,2009-02-07,Rotasi
2975,11514,21,5,2020-09-16,Rotasi
2976,11518,23,42,2007-08-20,Promosi
2977,11518,2,42,2011-09-13,Alih Tugas
2978,11518,25,42,2014-05-15,Alih Tugas
2979,11524,34,17,2018-11-24,Alih Tugas
2980,11524,24,17,2023-11-27,Rotasi
2981,11535,4,25,2027-04-16,Rotasi
2982,11536,43,45,2011-03-24,Rotasi
2983,11539,8,43,2025-05-16,Alih Tugas
2984,11541,27,16,2023-09-18,Rotasi
2985,11547,17,1,2009-10-05,Rotasi
2986,11547,23,1,2015-09-23,Promosi
2987,11547,2,1,2020-04-11,Promosi
2988,11553,26,18,2017-08-15,Promosi
2989,11553,16,18,2022-12-18,Rotasi
2990,11561,26,28,2029-01-14,Promosi
2991,11562,19,28,2015-08-20,Rotasi
2992,11562,3,28,2018-06-26,Rotasi
2993,11570,18,40,2018-01-23,Promosi
2994,11570,38,40,2023-08-10,Promosi
2995,11574,25,5,2009-06-25,Promosi
2996,11574,47,5,2014-06-03,Rotasi
2997,11574,21,5,2020-01-13,Rotasi
2998,11576,24,2,2005-07-08,Rotasi
2999,11576,16,2,2011-07-07,Rotasi
3000,11581,40,30,2017-10-23,Rotasi
3001,11583,30,5,2018-05-26,Promosi
3002,11583,28,5,2021-04-20,Rotasi
3003,11586,15,20,2028-05-05,Rotasi
3004,11590,17,35,2027-09-05,Alih Tugas
3005,11594,15,45,2019-05-20,Rotasi
3006,11601,24,4,2015-09-08,Rotasi
3007,11601,22,4,2020-07-04,Rotasi
3008,11606,29,6,1996-03-15,Rotasi
3009,11608,33,23,2009-10-16,Rotasi
3010,11608,26,23,2012-08-19,Promosi
3011,11608,18,23,2015-07-18,Alih Tugas
3012,11609,19,15,1992-06-25,Promosi
3013,11609,45,15,1998-08-17,Rotasi
3014,11609,42,15,2002-10-22,Promosi
3015,11617,18,23,2029-12-10,Rotasi
3016,11618,8,28,2027-04-23,Rotasi
3017,11621,1,14,2024-03-01,Rotasi
3018,11624,47,40,2018-12-05,Alih Tugas
3019,11624,37,40,2024-02-05,Promosi
3020,11626,11,26,2021-10-24,Rotasi
3021,11637,19,14,2001-04-05,Rotasi
3022,11641,26,36,2019-10-02,Rotasi
3023,11641,45,36,2022-02-06,Alih Tugas
3024,11646,11,27,2011-09-16,Promosi
3025,11646,30,27,2016-08-20,Rotasi
3026,11666,1,15,2024-07-20,Rotasi
3027,11672,41,4,2008-07-07,Alih Tugas
3028,11672,22,4,2013-10-25,Rotasi
3029,11672,31,4,2018-10-22,Promosi
3030,11677,27,2,2000-08-06,Promosi
3031,11677,27,2,2003-12-04,Promosi
3032,11677,26,2,2006-10-01,Rotasi
3033,11678,44,5,2022-02-26,Alih Tugas
3034,11680,28,39,2007-08-14,Rotasi
3035,11680,18,39,2010-06-03,Rotasi
3036,11680,27,39,2016-09-16,Rotasi
3037,11690,22,5,2008-06-11,Rotasi
3038,11690,20,5,2013-04-07,Alih Tugas
3039,11692,47,30,2019-08-13,Rotasi
3040,11692,44,30,2024-12-03,Rotasi
3041,11701,43,31,2027-09-04,Alih Tugas
3042,11708,16,47,2015-03-26,Rotasi
3043,11711,13,8,2013-06-22,Rotasi
3044,11711,28,8,2016-03-24,Alih Tugas
3045,11717,14,35,2011-05-10,Promosi
3046,11720,37,44,2014-12-25,Promosi
3047,11726,38,15,1999-01-24,Alih Tugas
3048,11727,27,42,2000-01-23,Alih Tugas
3049,11740,15,3,2027-01-22,Rotasi
3050,11746,26,31,2013-04-18,Rotasi
3051,11746,36,31,2019-04-05,Alih Tugas
3052,11748,31,35,2022-12-09,Alih Tugas
3053,11756,10,11,2021-11-22,Rotasi
3054,11765,8,16,2018-12-14,Rotasi
3055,11766,5,4,2026-09-23,Alih Tugas
3056,11780,20,43,2008-09-27,Rotasi
3057,11780,20,43,2013-12-21,Promosi
3058,11781,14,40,2028-01-21,Promosi
3059,11782,41,25,2016-08-01,Rotasi
3060,11782,2,25,2022-12-22,Rotasi
3061,11783,27,40,2020-03-20,Rotasi
3062,11786,10,41,2006-01-07,Rotasi
3063,11786,35,41,2012-01-05,Rotasi
3064,11786,33,41,2018-08-23,Alih Tugas
3065,11788,24,13,2026-11-26,Promosi
3066,11790,40,27,2000-06-16,Promosi
3067,11790,34,27,2006-02-07,Promosi
3068,11793,31,40,2010-10-03,Alih Tugas
3069,11793,32,40,2014-12-02,Rotasi
3070,11799,3,31,1996-09-09,Alih Tugas
3071,11799,42,31,1999-05-16,Rotasi
3072,11800,21,10,2027-05-26,Rotasi
3073,11805,41,40,2023-02-27,Rotasi
3074,11811,20,37,2006-08-13,Alih Tugas
3075,11811,33,37,2012-03-05,Alih Tugas
3076,11811,10,37,2016-08-18,Promosi
3077,11815,13,20,2028-11-07,Rotasi
3078,11816,4,35,2022-01-09,Rotasi
3079,11825,47,44,1992-10-21,Alih Tugas
3080,11827,10,24,1999-12-13,Alih Tugas
3081,11827,26,24,2005-07-15,Alih Tugas
3082,11829,28,31,2004-02-08,Rotasi
3083,11846,6,17,2025-10-25,Promosi
3084,11848,8,25,2026-01-15,Rotasi
3085,11857,8,31,2019-09-01,Alih Tugas
3086,11857,4,31,2022-08-26,Rotasi
3087,11865,30,40,2022-02-17,Promosi
3088,11869,37,12,2001-03-26,Rotasi
3089,11869,24,12,2007-11-12,Promosi
3090,11871,41,5,2002-09-06,Rotasi
3091,11872,10,22,2029-12-25,Alih Tugas
3092,11874,24,1,2028-12-09,Rotasi
3093,11878,27,32,2028-11-03,Rotasi
3094,11880,2,3,2011-10-03,Alih Tugas
3095,11905,27,26,1995-05-27,Rotasi
3096,11905,25,26,1998-06-23,Rotasi
3097,11908,36,9,2008-06-03,Rotasi
3098,11908,47,9,2012-10-09,Rotasi
3099,11908,24,9,2015-10-10,Rotasi
3100,11911,28,9,2004-04-03,Alih Tugas
3101,11927,10,43,2026-08-23,Rotasi
3102,11928,13,41,1998-03-12,Rotasi
3103,11928,7,41,2001-10-12,Rotasi
3104,11928,4,41,2005-05-28,Promosi
3105,11939,5,17,2000-07-03,Rotasi
3106,11941,3,25,2026-11-26,Rotasi
3107,11948,19,20,2028-07-28,Rotasi
3108,11953,18,9,2019-01-09,Rotasi
3109,11953,20,9,2023-12-24,Rotasi
3110,11971,1,7,2014-12-12,Promosi
3111,11986,1,4,2027-07-07,Rotasi
3112,11989,34,38,2016-09-03,Rotasi
3113,11989,46,38,2022-10-05,Rotasi
3114,11993,23,10,2015-07-25,Rotasi
3115,11993,40,10,2021-03-21,Rotasi
3116,12009,9,21,2029-08-03,Alih Tugas
3117,12029,13,39,2026-02-20,Rotasi
3118,12038,2,21,2012-01-08,Rotasi
3119,12038,29,21,2015-10-18,Rotasi
3120,12040,5,14,2029-03-15,Rotasi
3121,12041,41,23,2011-11-02,Rotasi
3122,12042,42,8,2009-06-19,Alih Tugas
3123,12042,33,8,2014-06-21,Rotasi
3124,12054,27,7,2023-10-05,Rotasi
3125,12060,15,45,2005-11-15,Rotasi
3126,12062,21,29,2017-05-04,Rotasi
3127,12062,9,29,2023-12-07,Rotasi
3128,12063,13,47,2028-03-23,Rotasi
3129,12069,29,9,2026-04-23,Rotasi
3130,12071,32,15,2013-04-05,Rotasi
3131,12071,12,15,2017-04-11,Alih Tugas
3132,12077,3,32,2019-01-19,Alih Tugas
3133,12077,7,32,2024-10-23,Rotasi
3134,12079,18,44,2017-02-13,Rotasi
3135,12082,26,13,2004-11-24,Rotasi
3136,12082,39,13,2008-05-01,Promosi
3137,12082,15,13,2013-12-25,Promosi
3138,12084,16,4,2018-11-04,Rotasi
3139,12084,3,4,2021-10-16,Promosi
3140,12086,20,37,2007-04-20,Rotasi
3141,12086,44,37,2011-06-11,Rotasi
3142,12087,25,1,2027-10-06,Rotasi
3143,12089,40,27,2026-12-05,Rotasi
3144,12099,31,23,2015-06-26,Promosi
3145,12099,40,23,2018-03-25,Rotasi
3146,12102,33,45,2029-10-20,Promosi
3147,12105,41,5,2017-01-28,Rotasi
3148,12110,20,12,2018-06-22,Promosi
3149,12110,40,12,2021-05-15,Rotasi
3150,12113,17,22,2019-11-01,Rotasi
3151,12114,37,16,2024-06-19,Rotasi
3152,12117,38,44,2004-09-15,Alih Tugas
3153,12117,13,44,2007-04-17,Rotasi
3154,12119,6,13,2011-05-18,Alih Tugas
3155,12119,47,13,2015-06-28,Rotasi
3156,12121,2,39,2010-03-01,Alih Tugas
3157,12121,17,39,2015-12-15,Rotasi
3158,12122,42,10,2001-07-02,Promosi
3159,12129,11,6,1998-01-10,Rotasi
3160,12129,31,6,2002-06-15,Rotasi
3161,12131,46,27,2011-03-08,Rotasi
3162,12133,41,29,2026-08-16,Rotasi
3163,12150,39,27,2027-01-17,Rotasi
3164,12152,2,31,2006-03-19,Promosi
3165,12152,29,31,2011-03-23,Rotasi
3166,12152,42,31,2015-04-20,Rotasi
3167,12153,7,22,1995-02-16,Alih Tugas
3168,12153,41,22,2001-02-03,Alih Tugas
3169,12153,43,22,2005-03-19,Rotasi
3170,12154,32,15,2004-08-11,Rotasi
3171,12163,37,45,2027-10-25,Rotasi
3172,12171,36,22,2010-02-13,Rotasi
3173,12171,9,22,2015-11-10,Rotasi
3174,12173,19,46,2021-12-17,Promosi
3175,12190,45,32,2011-09-09,Rotasi
3176,12190,47,32,2015-01-28,Rotasi
3177,12193,20,12,2021-09-27,Rotasi
3178,12200,12,4,2011-06-19,Rotasi
3179,12202,30,35,2017-03-17,Rotasi
3180,12202,44,35,2021-10-18,Rotasi
3181,12208,34,23,1999-05-28,Alih Tugas
3182,12209,6,22,1998-01-12,Promosi
3183,12218,28,31,2014-11-21,Promosi
3184,12219,16,32,2007-02-15,Alih Tugas
3185,12219,5,32,2010-05-05,Rotasi
3186,12223,12,34,2009-07-05,Rotasi
3187,12223,12,34,2012-07-21,Rotasi
3188,12223,43,34,2016-11-25,Promosi
3189,12230,20,36,2014-07-24,Alih Tugas
3190,12237,38,17,2017-11-02,Rotasi
3191,12237,14,17,2023-11-25,Rotasi
3192,12240,6,29,1998-06-12,Rotasi
3193,12240,7,29,2002-03-16,Rotasi
3194,12241,32,38,2006-07-05,Rotasi
3195,12243,18,13,2029-10-13,Rotasi
3196,12244,13,20,2015-07-12,Rotasi
3197,12249,30,6,2018-01-23,Promosi
3198,12250,2,38,2019-11-03,Alih Tugas
3199,12250,22,38,2025-03-04,Alih Tugas
3200,12272,46,42,2025-08-17,Alih Tugas
3201,12279,32,30,2022-09-15,Rotasi
3202,12283,15,32,2017-08-10,Rotasi
3203,12283,11,32,2020-01-14,Rotasi
3204,12287,24,44,2026-10-24,Alih Tugas
3205,12289,23,14,2027-04-20,Rotasi
3206,12294,45,18,1992-02-10,Promosi
3207,12294,34,18,1998-08-25,Rotasi
3208,12294,17,18,2001-01-15,Rotasi
3209,12301,32,6,2000-05-04,Rotasi
3210,12307,35,45,2024-03-01,Promosi
3211,12312,29,13,2010-02-07,Rotasi
3212,12313,44,6,2029-01-25,Promosi
3213,12319,31,13,1998-12-01,Promosi
3214,12321,6,2,2000-01-03,Rotasi
3215,12321,30,2,2006-11-06,Promosi
3216,12326,11,3,2025-06-01,Rotasi
3217,12336,36,25,1994-01-13,Promosi
3218,12336,7,25,2000-09-07,Rotasi
3219,12337,22,21,2028-11-06,Alih Tugas
3220,12345,9,10,2001-02-15,Alih Tugas
3221,12345,23,10,2005-06-19,Rotasi
3222,12345,15,10,2011-02-15,Promosi
3223,12353,40,17,2011-04-22,Rotasi
3224,12353,31,17,2017-01-09,Alih Tugas
3225,12355,36,1,2008-04-14,Rotasi
3226,12355,6,1,2013-02-15,Alih Tugas
3227,12359,44,47,2022-03-11,Rotasi
3228,12364,25,29,2000-08-02,Rotasi
3229,12370,47,19,2008-08-14,Rotasi
3230,12370,10,19,2011-07-23,Rotasi
3231,12375,8,33,2008-05-02,Promosi
3232,12375,32,33,2012-01-07,Alih Tugas
3233,12377,21,20,2009-06-17,Rotasi
3234,12377,32,20,2013-06-12,Rotasi
3235,12379,22,13,2022-09-04,Rotasi
3236,12381,7,36,2029-04-18,Rotasi
3237,12386,23,33,2023-11-02,Rotasi
3238,12392,7,15,2016-09-06,Promosi
3239,12392,5,15,2021-02-02,Rotasi
3240,12400,6,46,2019-03-04,Rotasi
3241,12400,34,46,2025-06-24,Rotasi
3242,12407,42,23,2020-11-14,Promosi
3243,12414,40,47,2024-12-12,Rotasi
3244,12417,18,37,2013-10-28,Alih Tugas
3245,12422,40,31,2012-08-07,Rotasi
3246,12423,40,30,2026-11-20,Rotasi
3247,12427,7,18,2026-04-20,Promosi
3248,12431,24,31,2026-04-27,Alih Tugas
3249,12432,1,42,2015-12-27,Rotasi
3250,12432,41,42,2018-05-14,Rotasi
3251,12437,23,33,2002-05-22,Rotasi
3252,12437,11,33,2005-08-05,Rotasi
3253,12437,36,33,2009-06-11,Rotasi
3254,12444,8,27,2020-09-28,Promosi
3255,12449,30,28,2029-07-14,Rotasi
3256,12452,14,41,2003-03-20,Promosi
3257,12452,23,41,2008-08-25,Rotasi
3258,12452,28,41,2011-01-27,Alih Tugas
3259,12456,3,8,2020-11-26,Rotasi
3260,12463,46,7,2000-12-17,Rotasi
3261,12463,44,7,2005-04-05,Alih Tugas
3262,12465,41,2,2028-11-14,Rotasi
3263,12467,42,7,1996-09-11,Promosi
3264,12467,33,7,2000-01-02,Alih Tugas
3265,12468,12,6,2017-02-16,Rotasi
3266,12468,3,6,2020-09-02,Promosi
3267,12477,45,28,2024-07-03,Rotasi
3268,12495,23,24,2017-05-08,Rotasi
3269,12496,21,26,2004-06-18,Rotasi
3270,12496,31,26,2007-10-04,Rotasi
3271,12496,5,26,2011-03-21,Rotasi
3272,12497,27,43,2027-10-21,Rotasi
3273,12502,42,38,2016-08-09,Alih Tugas
3274,12502,46,38,2019-09-01,Promosi
3275,12503,20,8,2009-06-23,Promosi
3276,12503,26,8,2012-01-04,Rotasi
3277,12505,31,21,2018-11-12,Alih Tugas
3278,12505,20,21,2024-04-14,Alih Tugas
3279,12509,41,27,2012-07-07,Rotasi
3280,12509,6,27,2017-05-14,Alih Tugas
3281,12511,15,37,2019-09-06,Promosi
3282,12511,41,37,2022-02-11,Alih Tugas
3283,12521,32,26,2014-08-18,Rotasi
3284,12521,6,26,2020-09-20,Promosi
3285,12523,12,21,2027-08-20,Rotasi
3286,12526,26,13,2025-01-18,Alih Tugas
3287,12530,18,47,1997-04-10,Alih Tugas
3288,12530,14,47,2001-08-19,Promosi
3289,12530,24,47,2006-07-23,Rotasi
3290,12533,15,20,2003-11-17,Rotasi
3291,12539,39,14,2024-05-28,Rotasi
3292,12540,47,38,2022-06-24,Rotasi
3293,12545,25,4,2016-11-07,Alih Tugas
3294,12547,25,20,2024-09-19,Promosi
3295,12548,44,36,2011-04-16,Alih Tugas
3296,12553,12,33,2008-04-10,Promosi
3297,12553,8,33,2014-03-25,Rotasi
3298,12553,31,33,2017-02-11,Promosi
3299,12559,7,25,2028-07-28,Promosi
3300,12563,28,27,2000-08-05,Promosi
3301,12563,1,27,2004-12-17,Alih Tugas
3302,12563,46,27,2010-09-20,Promosi
3303,12566,30,23,2010-01-01,Rotasi
3304,12574,19,30,2029-03-02,Alih Tugas
3305,12601,3,24,2017-12-05,Alih Tugas
3306,12604,27,40,2001-05-14,Alih Tugas
3307,12604,4,40,2005-09-14,Rotasi
3308,12604,19,40,2009-07-16,Rotasi
3309,12605,39,31,2019-12-27,Rotasi
3310,12605,16,31,2022-12-07,Promosi
3311,12606,21,35,2021-03-07,Rotasi
3312,12607,31,1,2027-02-16,Alih Tugas
3313,12614,19,13,2013-08-07,Alih Tugas
3314,12622,6,28,2007-05-01,Promosi
3315,12622,33,28,2012-01-06,Rotasi
3316,12623,12,27,2021-05-17,Alih Tugas
3317,12624,4,12,2017-12-22,Alih Tugas
3318,12624,43,12,2022-11-09,Rotasi
3319,12629,7,5,2006-12-24,Alih Tugas
3320,12629,22,5,2010-11-16,Rotasi
3321,12629,34,5,2015-08-23,Rotasi
3322,12664,6,1,2024-10-20,Rotasi
3323,12665,15,38,2015-09-21,Alih Tugas
3324,12665,45,38,2018-07-21,Rotasi
3325,12669,20,21,2005-04-19,Rotasi
3326,12675,13,42,2025-03-12,Rotasi
3327,12680,33,23,2004-11-06,Rotasi
3328,12680,12,23,2009-03-18,Alih Tugas
3329,12681,43,47,2006-12-05,Promosi
3330,12681,23,47,2009-05-17,Rotasi
3331,12681,8,47,2015-06-05,Promosi
3332,12697,47,6,2005-11-12,Rotasi
3333,12697,22,6,2011-06-18,Promosi
3334,12698,12,28,2012-03-01,Alih Tugas
3335,12698,30,28,2016-03-08,Rotasi
3336,12704,36,17,2026-11-23,Rotasi
3337,12715,12,45,2003-05-04,Rotasi
3338,12715,29,45,2007-10-14,Promosi
3339,12732,37,47,2011-12-22,Alih Tugas
3340,12732,27,47,2017-11-22,Promosi
3341,12749,6,3,1995-03-28,Rotasi
3342,12749,45,3,1999-06-19,Alih Tugas
3343,12766,39,35,2024-01-04,Promosi
3344,12777,5,15,2016-01-11,Promosi
3345,12778,4,47,2003-02-26,Rotasi
3346,12778,2,47,2007-02-18,Rotasi
3347,12778,13,47,2010-11-08,Alih Tugas
3348,12783,41,8,1998-02-21,Rotasi
3349,12783,46,8,2004-05-25,Alih Tugas
3350,12785,44,13,2023-08-22,Alih Tugas
3351,12796,21,8,2018-08-10,Promosi
3352,12797,39,32,2004-08-18,Rotasi
3353,12797,33,32,2008-08-21,Rotasi
3354,12801,30,20,2011-02-15,Alih Tugas
3355,12803,26,8,2029-07-14,Rotasi
3356,12804,36,14,2016-04-11,Rotasi
3357,12805,37,25,2016-02-06,Rotasi
3358,12805,16,25,2019-11-08,Rotasi
3359,12806,45,13,2027-06-11,Promosi
3360,12810,35,22,2028-06-03,Rotasi
3361,12818,12,21,2005-11-01,Rotasi
3362,12818,29,21,2011-11-05,Rotasi
3363,12828,29,30,2002-11-22,Alih Tugas
3364,12832,10,24,2028-03-20,Promosi
3365,12838,26,16,2018-06-14,Alih Tugas
3366,12839,14,44,2001-01-03,Rotasi
3367,12839,28,44,2006-08-13,Rotasi
3368,12840,5,38,2025-01-28,Rotasi
3369,12841,36,43,2027-08-01,Promosi
3370,12848,28,23,2023-06-13,Promosi
3371,12859,7,24,2006-11-23,Rotasi
3372,12859,27,24,2011-12-13,Promosi
3373,12861,37,4,1991-06-08,Rotasi
3374,12867,9,1,2014-01-16,Promosi
3375,12867,10,1,2019-08-02,Alih Tugas
3376,12872,46,25,2021-09-15,Rotasi
3377,12878,34,30,2024-05-26,Rotasi
3378,12883,1,45,2000-08-12,Rotasi
3379,12883,18,45,2004-05-03,Alih Tugas
3380,12896,23,38,2007-10-04,Rotasi
3381,12911,8,20,2012-04-06,Rotasi
3382,12918,41,23,1997-11-07,Rotasi
3383,12918,45,23,2002-04-18,Alih Tugas
3384,12919,10,29,2009-08-06,Alih Tugas
3385,12919,35,29,2013-05-14,Rotasi
3386,12919,42,29,2019-11-28,Rotasi
3387,12920,24,12,2022-02-07,Promosi
3388,12921,37,40,2017-11-15,Rotasi
3389,12922,43,38,2024-03-04,Alih Tugas
3390,12927,42,6,1996-10-24,Rotasi
3391,12927,11,6,2000-01-20,Rotasi
3392,12939,26,31,2009-09-03,Rotasi
3393,12939,6,31,2015-08-14,Rotasi
3394,12939,20,31,2020-06-07,Alih Tugas
3395,12941,20,24,2026-01-21,Rotasi
3396,12944,19,30,2006-12-20,Promosi
3397,12944,37,30,2012-09-01,Rotasi
3398,12944,32,30,2017-01-23,Rotasi
3399,12946,19,24,2022-02-02,Rotasi
3400,12952,11,19,2008-05-17,Rotasi
3401,12952,8,19,2013-12-13,Alih Tugas
3402,12952,22,19,2017-03-13,Rotasi
3403,12953,4,24,2005-04-24,Alih Tugas
3404,12953,4,24,2008-01-02,Promosi
3405,12953,2,24,2012-08-22,Rotasi
3406,12955,17,34,2015-10-24,Rotasi
3407,12955,45,34,2019-02-18,Alih Tugas
3408,12959,40,25,2003-06-16,Promosi
3409,12959,8,25,2007-10-23,Promosi
3410,12963,36,44,2024-04-11,Rotasi
3411,12981,46,7,2012-09-06,Rotasi
3412,13003,35,22,2011-11-08,Rotasi
3413,13008,3,7,2017-12-13,Promosi
3414,13008,26,7,2022-02-12,Promosi
3415,13009,39,15,2026-05-27,Promosi
3416,13011,21,32,2027-05-21,Promosi
3417,13023,39,33,2024-08-03,Promosi
3418,13026,38,24,2023-03-12,Rotasi
3419,13032,22,7,2024-08-14,Rotasi
3420,13036,29,14,2013-06-28,Promosi
3421,13036,18,14,2019-02-15,Promosi
3422,13040,39,30,2005-08-03,Rotasi
3423,13040,20,30,2009-10-12,Rotasi
3424,13044,12,33,2004-11-03,Promosi
3425,13050,21,30,2007-01-26,Alih Tugas
3426,13052,2,43,2019-10-15,Rotasi
3427,13052,15,43,2023-05-15,Rotasi
3428,13054,21,29,2015-08-27,Rotasi
3429,13062,19,2,2026-06-22,Promosi
3430,13069,32,25,2007-05-01,Rotasi
3431,13069,30,25,2010-08-26,Alih Tugas
3432,13069,42,25,2016-02-12,Promosi
3433,13077,38,27,2026-05-14,Rotasi
3434,13081,12,2,2027-08-02,Promosi
3435,13091,5,23,2026-08-02,Rotasi
3436,13095,8,29,2019-07-07,Rotasi
3437,13103,20,3,2025-11-07,Rotasi
3438,13105,27,2,2017-12-06,Rotasi
3439,13105,28,2,2020-07-17,Rotasi
3440,13106,14,36,2013-06-01,Rotasi
3441,13110,10,33,2001-01-24,Rotasi
3442,13125,30,37,2011-07-01,Alih Tugas
3443,13127,12,20,2008-09-19,Rotasi
3444,13127,10,20,2013-06-18,Rotasi
3445,13127,42,20,2019-10-04,Rotasi
3446,13128,34,32,2010-07-03,Rotasi
3447,13132,45,1,2005-02-03,Rotasi
3448,13132,13,1,2008-09-08,Rotasi
3449,13136,36,12,2009-07-02,Promosi
3450,13136,27,12,2013-10-20,Rotasi
3451,13136,25,12,2017-10-12,Rotasi
3452,13137,14,7,2018-09-22,Rotasi
3453,13143,41,19,1995-03-24,Alih Tugas
3454,13143,36,19,2000-10-24,Rotasi
3455,13144,19,41,2026-01-27,Alih Tugas
3456,13146,25,42,2020-01-14,Rotasi
3457,13147,46,16,1995-07-07,Rotasi
3458,13153,41,3,2008-04-22,Promosi
3459,13153,18,3,2011-08-03,Rotasi
3460,13155,27,12,2008-03-25,Rotasi
3461,13160,27,16,2013-11-27,Rotasi
3462,13160,28,16,2018-04-06,Rotasi
3463,13167,35,27,2008-08-02,Rotasi
3464,13167,24,27,2012-01-21,Alih Tugas
3465,13167,3,27,2016-09-10,Alih Tugas
3466,13168,9,45,2028-10-15,Alih Tugas
3467,13178,4,33,2025-09-02,Promosi
3468,13180,5,36,2004-02-26,Rotasi
3469,13180,21,36,2009-03-18,Rotasi
3470,13182,24,42,2005-08-07,Rotasi
3471,13182,37,42,2009-12-01,Rotasi
3472,13182,26,42,2013-03-16,Rotasi
3473,13191,43,15,2004-11-06,Promosi
3474,13191,2,15,2009-10-24,Promosi
3475,13193,31,43,2009-09-19,Promosi
3476,13193,8,43,2012-08-11,Promosi
3477,13199,44,12,1996-09-16,Rotasi
3478,13199,24,12,1999-02-14,Rotasi
3479,13199,32,12,2002-03-13,Alih Tugas
3480,13202,36,28,2027-09-02,Rotasi
3481,13203,11,34,1997-07-17,Rotasi
3482,13203,20,34,2001-02-01,Promosi
3483,13203,40,34,2005-08-19,Promosi
3484,13205,13,7,2009-09-26,Rotasi
3485,13206,6,23,2010-03-06,Rotasi
3486,13208,28,12,2014-12-14,Promosi
3487,13219,11,46,2027-02-10,Rotasi
3488,13226,10,31,2001-07-01,Promosi
3489,13226,28,31,2005-01-01,Promosi
3490,13246,16,30,2006-02-23,Alih Tugas
3491,13246,22,30,2009-02-08,Rotasi
3492,13248,20,10,2029-10-17,Rotasi
3493,13256,9,26,1995-01-01,Rotasi
3494,13256,19,26,2000-06-18,Promosi
3495,13260,31,47,2010-12-02,Rotasi
3496,13282,17,44,2000-04-07,Alih Tugas
3497,13282,45,44,2004-10-07,Rotasi
3498,13282,16,44,2010-03-03,Rotasi
3499,13291,13,4,2012-03-14,Rotasi
3500,13292,6,1,2003-07-05,Rotasi
3501,13292,4,1,2009-11-23,Rotasi
3502,13300,35,36,2023-12-01,Alih Tugas
3503,13304,1,20,2026-08-27,Rotasi
3504,13314,25,3,2024-03-20,Rotasi
3505,13319,26,7,2019-08-08,Promosi
3506,13323,38,34,1992-09-22,Alih Tugas
3507,13341,47,20,2027-05-27,Alih Tugas
3508,13345,25,7,2010-09-27,Rotasi
3509,13345,28,7,2014-12-23,Rotasi
3510,13349,8,5,2025-08-24,Rotasi
3511,13364,40,15,2000-12-03,Rotasi
3512,13364,43,15,2006-11-24,Rotasi
3513,13366,22,6,2005-06-06,Rotasi
3514,13366,33,6,2008-12-04,Rotasi
3515,13369,41,2,2028-08-03,Promosi
3516,13370,6,39,2026-06-07,Rotasi
3517,13378,37,13,1997-06-08,Rotasi
3518,13378,6,13,2002-10-06,Rotasi
3519,13378,28,13,2008-09-08,Rotasi
3520,13390,34,6,2010-10-03,Rotasi
3521,13406,32,13,2023-11-15,Rotasi
3522,13411,21,28,2015-02-27,Promosi
3523,13411,27,28,2021-06-23,Rotasi
3524,13413,5,32,2009-07-12,Promosi
3525,13413,7,32,2015-11-26,Promosi
3526,13415,47,7,2022-03-24,Rotasi
3527,13416,38,13,2018-10-18,Alih Tugas
3528,13416,6,13,2021-08-06,Rotasi
3529,13421,21,41,2013-12-08,Rotasi
3530,13421,28,41,2017-03-20,Rotasi
3531,13427,12,7,2026-06-24,Alih Tugas
3532,13431,24,5,1997-05-19,Rotasi
3533,13432,47,18,2006-06-23,Rotasi
3534,13432,5,18,2009-11-09,Rotasi
3535,13432,22,18,2012-03-19,Rotasi
3536,13438,23,20,2005-10-24,Rotasi
3537,13438,24,20,2009-10-12,Promosi
3538,13448,44,43,2018-01-01,Rotasi
3539,13448,24,43,2023-12-15,Rotasi
3540,13458,22,28,2018-07-06,Rotasi
3541,13458,15,28,2024-04-07,Rotasi
3542,13464,21,35,1990-12-11,Rotasi
3543,13465,24,1,2006-08-27,Rotasi
3544,13465,28,1,2011-09-04,Promosi
3545,13472,20,11,2018-03-20,Alih Tugas
3546,13474,38,46,2016-02-23,Rotasi
3547,13474,42,46,2022-03-08,Rotasi
3548,13488,4,33,2028-05-24,Promosi
3549,13497,28,40,2003-04-12,Promosi
3550,13497,47,40,2006-08-26,Alih Tugas
3551,13497,12,40,2009-07-08,Rotasi
3552,13499,34,4,2026-08-02,Alih Tugas
3553,13504,30,38,1995-08-24,Rotasi
3554,13504,29,38,1998-05-02,Promosi
3555,13514,34,19,2023-08-13,Rotasi
3556,13526,9,22,2016-11-04,Rotasi
3557,13526,34,22,2019-08-03,Rotasi
3558,13527,9,30,1997-11-03,Rotasi
3559,13527,35,30,2000-08-01,Rotasi
3560,13533,43,40,2015-03-11,Alih Tugas
3561,13544,28,3,2026-11-12,Promosi
3562,13546,2,45,2023-06-20,Promosi
3563,13550,17,16,2019-03-28,Rotasi
3564,13557,17,2,2015-06-10,Rotasi
3565,13566,5,1,2000-12-16,Alih Tugas
3566,13569,25,46,2022-06-21,Rotasi
3567,13572,8,15,2012-08-19,Promosi
3568,13575,42,18,2029-06-23,Rotasi
3569,13580,27,21,2024-09-04,Promosi
3570,13581,24,3,2018-09-04,Promosi
3571,13611,24,13,2007-04-06,Rotasi
3572,13611,40,13,2011-07-06,Alih Tugas
3573,13611,32,13,2016-05-20,Rotasi
3574,13612,30,14,2009-09-05,Rotasi
3575,13612,22,14,2015-07-20,Rotasi
3576,13612,23,14,2021-12-16,Alih Tugas
3577,13620,18,42,2007-06-20,Promosi
3578,13620,27,42,2012-02-09,Alih Tugas
3579,13620,22,42,2017-01-27,Alih Tugas
3580,13623,23,16,2011-05-26,Rotasi
3581,13635,8,35,2011-10-13,Promosi
3582,13636,42,37,2010-08-22,Rotasi
3583,13636,30,37,2015-05-02,Rotasi
3584,13639,46,4,2023-12-10,Rotasi
3585,13641,13,19,2028-09-25,Rotasi
3586,13645,32,42,1998-06-14,Rotasi
3587,13645,33,42,2002-01-02,Promosi
3588,13645,6,42,2006-02-25,Alih Tugas
3589,13663,46,2,2010-03-02,Rotasi
3590,13664,7,23,2006-01-15,Promosi
3591,13664,3,23,2009-07-25,Alih Tugas
3592,13664,27,23,2012-03-26,Rotasi
3593,13666,32,13,2006-11-15,Rotasi
3594,13666,27,13,2009-08-13,Rotasi
3595,13666,39,13,2012-05-01,Rotasi
3596,13671,33,37,2028-10-28,Rotasi
3597,13684,45,24,2020-05-14,Rotasi
3598,13697,25,5,1991-12-10,Rotasi
3599,13697,14,5,1997-08-19,Rotasi
3600,13697,33,5,2003-12-13,Rotasi
3601,13698,39,27,2014-04-27,Promosi
3602,13708,26,20,2025-05-20,Promosi
3603,13709,29,23,2008-05-24,Promosi
3604,13709,45,23,2012-12-12,Rotasi
3605,13709,19,23,2016-05-07,Rotasi
3606,13715,25,32,2009-11-03,Promosi
3607,13724,44,12,2027-10-16,Promosi
3608,13741,17,25,2008-04-13,Promosi
3609,13741,42,25,2011-01-07,Rotasi
3610,13741,43,25,2014-03-02,Rotasi
3611,13755,6,4,2016-02-11,Alih Tugas
3612,13761,2,6,2003-04-01,Alih Tugas
3613,13761,42,6,2006-10-11,Rotasi
3614,13761,17,6,2012-06-21,Rotasi
3615,13765,45,24,2028-04-15,Promosi
3616,13771,2,18,2008-07-28,Rotasi
3617,13771,34,18,2013-06-17,Alih Tugas
3618,13772,33,39,2022-03-23,Rotasi
3619,13800,30,19,2000-09-21,Promosi
3620,13800,44,19,2003-10-08,Rotasi
3621,13809,46,32,2021-05-06,Promosi
3622,13812,10,39,2027-03-16,Rotasi
3623,13820,24,3,1995-10-24,Rotasi
3624,13823,28,13,2011-03-03,Alih Tugas
3625,13823,6,13,2017-07-07,Promosi
3626,13825,22,16,2022-03-28,Rotasi
3627,13826,37,46,2016-07-08,Rotasi
3628,13829,1,33,2006-12-23,Rotasi
3629,13837,31,39,2005-04-17,Rotasi
3630,13837,29,39,2008-09-17,Rotasi
3631,13837,47,39,2012-03-27,Rotasi
3632,13844,8,20,2027-05-12,Rotasi
3633,13845,35,30,2028-07-27,Rotasi
3634,13848,46,7,2012-07-17,Promosi
3635,13849,44,8,2027-11-26,Alih Tugas
3636,13856,40,44,2008-10-21,Promosi
3637,13856,28,44,2012-01-21,Rotasi
3638,13860,33,9,2015-05-08,Rotasi
3639,13862,33,13,2027-01-12,Promosi
3640,13865,40,11,2009-10-24,Promosi
3641,13865,32,11,2012-12-05,Rotasi
3642,13867,47,43,2027-10-02,Rotasi
3643,13873,39,32,2003-10-21,Rotasi
3644,13885,1,4,2027-08-11,Rotasi
3645,13892,46,13,2012-04-09,Alih Tugas
3646,13892,33,13,2015-03-22,Alih Tugas
3647,13897,38,21,2016-02-02,Rotasi
3648,13897,24,21,2020-02-16,Rotasi
3649,13906,1,36,2014-09-26,Promosi
3650,13925,15,11,2028-02-13,Rotasi
3651,13931,19,45,2025-11-22,Rotasi
3652,13933,21,44,2003-04-26,Rotasi
3653,13934,14,34,2023-03-19,Rotasi
3654,13942,30,7,2022-08-12,Rotasi
3655,13952,3,5,2006-02-04,Alih Tugas
3656,13952,46,5,2011-02-26,Rotasi
3657,13953,28,36,2026-03-02,Promosi
3658,13954,28,4,2028-03-03,Alih Tugas
3659,13956,5,46,2008-12-16,Promosi
3660,13962,31,27,2001-02-17,Rotasi
3661,13962,25,27,2007-09-09,Rotasi
3662,13975,26,44,2019-08-26,Rotasi
3663,13975,7,44,2024-10-20,Promosi
3664,13976,11,12,2016-08-20,Rotasi
3665,13986,22,25,2018-02-06,Promosi
3666,14003,34,43,2008-01-23,Rotasi
3667,14003,16,43,2014-08-15,Rotasi
3668,14003,4,43,2019-05-27,Rotasi
3669,14004,40,3,2009-05-03,Promosi
3670,14012,32,28,2016-08-11,Rotasi
3671,14017,35,11,2015-04-20,Rotasi
3672,14017,37,11,2018-02-03,Alih Tugas
3673,14022,7,6,1999-02-07,Rotasi
3674,14030,44,2,2014-07-07,Rotasi
3675,14030,21,2,2017-05-15,Rotasi
3676,14043,23,26,2029-10-09,Rotasi
3677,14049,7,24,2025-11-04,Rotasi
3678,14050,37,18,2014-01-26,Rotasi
3679,14050,41,18,2017-07-22,Rotasi
3680,14052,20,46,2024-06-05,Alih Tugas
3681,14054,12,43,2012-05-01,Alih Tugas
3682,14057,1,44,2024-07-21,Promosi
3683,14060,3,29,2021-12-25,Rotasi
3684,14082,37,4,1989-09-09,Rotasi
3685,14082,35,4,1995-03-04,Rotasi
3686,14082,3,4,2001-07-19,Rotasi
3687,14084,1,32,2015-01-10,Promosi
3688,14089,26,36,2016-12-01,Alih Tugas
3689,14089,11,36,2022-09-21,Rotasi
3690,14106,26,13,2027-02-26,Alih Tugas
3691,14112,27,10,2017-03-21,Rotasi
3692,14112,3,10,2020-02-22,Promosi
3693,14116,26,35,2015-03-02,Rotasi
3694,14120,29,44,1997-06-24,Alih Tugas
3695,14135,35,34,2025-12-11,Alih Tugas
3696,14143,20,28,1999-12-22,Promosi
3697,14148,8,43,2029-10-02,Rotasi
3698,14151,11,12,2003-06-22,Rotasi
3699,14152,21,37,2018-10-05,Rotasi
3700,14164,21,6,1998-12-19,Rotasi
3701,14164,11,6,2001-06-04,Rotasi
3702,14164,21,6,2006-10-02,Rotasi
3703,14176,35,19,2015-01-19,Alih Tugas
3704,14176,30,19,2021-05-10,Rotasi
3705,14185,31,39,2019-10-22,Rotasi
3706,14185,6,39,2025-11-01,Alih Tugas
3707,14187,6,39,2010-04-17,Promosi
3708,14187,23,39,2014-11-16,Rotasi
3709,14200,43,41,2009-10-27,Rotasi
3710,14201,42,7,2019-05-14,Rotasi
3711,14202,41,3,2019-06-22,Promosi
3712,14202,43,3,2025-09-08,Rotasi
3713,14203,26,39,2001-01-14,Rotasi
3714,14203,44,39,2006-05-22,Rotasi
3715,14203,16,39,2012-06-07,Rotasi
3716,14204,31,24,1997-10-18,Rotasi
3717,14204,35,24,2003-03-21,Rotasi
3718,14206,5,9,2009-03-17,Alih Tugas
3719,14206,4,9,2013-10-04,Rotasi
3720,14206,12,9,2016-07-10,Alih Tugas
3721,14210,34,42,2005-11-22,Alih Tugas
3722,14210,21,42,2011-05-06,Promosi
3723,14210,35,42,2014-11-27,Promosi
3724,14218,47,2,2023-02-20,Promosi
3725,14227,3,14,1996-08-10,Alih Tugas
3726,14227,7,14,2002-08-22,Alih Tugas
3727,14227,32,14,2006-10-25,Promosi
3728,14235,40,45,2006-05-01,Alih Tugas
3729,14235,39,45,2009-11-20,Promosi
3730,14235,35,45,2013-01-13,Alih Tugas
3731,14236,45,17,2012-05-09,Rotasi
3732,14244,19,37,2017-04-25,Rotasi
3733,14244,33,37,2021-05-13,Alih Tugas
3734,14245,15,29,2009-06-02,Rotasi
3735,14260,30,7,2026-03-15,Promosi
3736,14265,20,5,2029-07-04,Promosi
3737,14266,4,40,2025-07-27,Rotasi
3738,14278,37,1,2021-04-21,Rotasi
3739,14280,32,20,1994-09-05,Rotasi
3740,14280,44,20,1999-06-03,Rotasi
3741,14281,39,4,2016-09-24,Alih Tugas
3742,14281,19,4,2021-05-18,Rotasi
3743,14296,18,28,2016-02-09,Rotasi
3744,14302,37,6,2002-05-09,Rotasi
3745,14306,38,27,2024-06-06,Alih Tugas
3746,14318,47,35,2017-01-25,Rotasi
3747,14318,9,35,2022-10-22,Rotasi
3748,14321,41,21,2025-04-15,Rotasi
3749,14323,8,40,2029-12-03,Rotasi
3750,14337,27,8,2011-07-15,Alih Tugas
3751,14337,31,8,2014-07-18,Rotasi
3752,14343,39,10,2019-07-13,Alih Tugas
3753,14343,14,10,2022-12-26,Promosi
3754,14355,1,17,2006-12-01,Rotasi
3755,14355,7,17,2011-08-26,Rotasi
3756,14355,47,17,2015-08-06,Promosi
3757,14360,1,39,2001-05-01,Rotasi
3758,14360,12,39,2007-01-28,Rotasi
3759,14360,31,39,2013-08-14,Alih Tugas
3760,14367,37,15,2003-05-10,Alih Tugas
3761,14367,16,15,2007-01-12,Alih Tugas
3762,14369,44,20,2028-11-25,Alih Tugas
3763,14371,47,12,2028-07-09,Rotasi
3764,14375,2,20,2026-10-06,Rotasi
3765,14376,24,22,2027-01-28,Alih Tugas
3766,14384,38,17,2026-01-20,Alih Tugas
3767,14400,32,17,2027-04-15,Promosi
3768,14411,25,10,2018-08-23,Rotasi
3769,14415,16,14,2015-09-11,Rotasi
3770,14430,13,33,2022-10-15,Rotasi
3771,14433,41,16,2022-09-11,Rotasi
3772,14438,14,29,2007-12-17,Rotasi
3773,14441,12,1,2021-06-01,Alih Tugas
3774,14446,33,8,2017-05-04,Rotasi
3775,14446,7,8,2021-09-18,Promosi
3776,14447,46,12,2002-09-21,Rotasi
3777,14450,26,44,2017-02-13,Rotasi
3778,14450,47,44,2021-12-23,Rotasi
3779,14452,38,31,2004-04-11,Rotasi
3780,14452,16,31,2007-10-12,Promosi
3781,14461,47,3,2029-08-22,Promosi
3782,14469,32,4,2004-02-04,Promosi
3783,14474,32,13,2009-06-13,Alih Tugas
3784,14474,22,13,2013-12-27,Rotasi
3785,14474,26,13,2019-03-07,Rotasi
3786,14475,21,35,2021-11-01,Rotasi
3787,14478,23,39,2008-02-03,Rotasi
3788,14490,8,24,2007-02-07,Rotasi
3789,14493,5,25,2020-03-18,Alih Tugas
3790,14498,31,13,2008-11-08,Promosi
3791,14498,18,13,2013-01-15,Alih Tugas
3792,14499,16,29,2022-11-09,Rotasi
3793,14534,28,30,2001-03-01,Rotasi
3794,14534,29,30,2005-10-21,Alih Tugas
3795,14534,7,30,2010-08-20,Promosi
3796,14538,47,43,2025-12-04,Rotasi
3797,14546,24,23,2020-04-16,Rotasi
3798,14556,18,25,2001-12-26,Promosi
3799,14574,6,5,2026-01-25,Rotasi
3800,14584,45,3,2022-01-18,Promosi
3801,14593,13,44,2029-05-18,Promosi
3802,14612,21,44,2029-11-27,Alih Tugas
3803,14616,7,29,2029-06-10,Promosi
3804,14617,23,14,1996-03-16,Alih Tugas
3805,14621,45,13,2000-05-14,Rotasi
3806,14621,37,13,2004-07-17,Promosi
3807,14622,42,30,2028-12-22,Rotasi
3808,14624,33,29,2016-01-03,Rotasi
3809,14628,41,13,1989-02-14,Alih Tugas
3810,14633,20,31,2012-07-20,Alih Tugas
3811,14633,37,31,2015-05-05,Alih Tugas
3812,14635,45,33,2018-08-17,Rotasi
3813,14635,37,33,2023-04-25,Rotasi
3814,14644,11,30,2022-02-25,Rotasi
3815,14649,34,15,2006-06-20,Rotasi
3816,14655,5,24,2020-02-01,Alih Tugas
3817,14660,2,12,2028-10-25,Rotasi
3818,14664,47,13,1996-01-08,Promosi
3819,14665,18,27,2004-05-05,Rotasi
3820,14665,46,27,2010-09-01,Promosi
3821,14665,29,27,2015-04-19,Promosi
3822,14666,43,31,2008-06-24,Rotasi
3823,14666,30,31,2012-01-20,Promosi
3824,14666,42,31,2016-10-13,Rotasi
3825,14672,5,10,2015-11-25,Rotasi
3826,14677,16,38,2006-05-14,Rotasi
3827,14677,3,38,2012-05-04,Rotasi
3828,14683,33,45,2022-12-01,Rotasi
3829,14686,13,45,1990-06-09,Alih Tugas
3830,14686,4,45,1993-02-07,Rotasi
3831,14697,11,36,2016-09-14,Rotasi
3832,14708,1,29,2023-11-11,Rotasi
3833,14711,4,18,2013-10-21,Alih Tugas
3834,14711,35,18,2017-02-14,Rotasi
3835,14714,32,30,2010-06-18,Rotasi
3836,14714,41,30,2013-07-25,Alih Tugas
3837,14727,45,37,2000-11-14,Alih Tugas
3838,14727,22,37,2004-03-07,Rotasi
3839,14727,46,37,2008-06-14,Alih Tugas
3840,14731,24,34,2025-06-27,Rotasi
3841,14732,11,31,2011-01-15,Rotasi
3842,14732,18,31,2015-02-02,Promosi
3843,14733,2,37,2008-01-25,Rotasi
3844,14733,40,37,2014-04-07,Alih Tugas
3845,14733,5,37,2017-08-14,Alih Tugas
3846,14740,6,46,2016-03-22,Rotasi
3847,14740,13,46,2020-09-03,Promosi
3848,14742,46,8,2025-06-21,Rotasi
3849,14754,40,15,2007-05-17,Alih Tugas
3850,14754,5,15,2011-12-14,Rotasi
3851,14754,34,15,2014-01-28,Alih Tugas
3852,14761,23,25,2007-05-10,Alih Tugas
3853,14764,36,47,2010-01-23,Promosi
3854,14764,37,47,2013-02-21,Rotasi
3855,14772,41,16,2027-03-27,Rotasi
3856,14775,8,41,2026-10-03,Rotasi
3857,14776,44,46,2011-03-09,Promosi
3858,14804,33,45,2003-06-17,Promosi
3859,14806,47,1,2028-09-08,Alih Tugas
3860,14820,9,14,2019-10-26,Promosi
3861,14820,32,14,2023-12-08,Rotasi
3862,14822,31,35,2029-01-21,Alih Tugas
3863,14824,21,19,2000-12-07,Rotasi
3864,14824,29,19,2003-09-08,Promosi
3865,14824,45,19,2006-05-16,Promosi
3866,14826,30,11,2003-11-10,Promosi
3867,14826,7,11,2009-04-28,Rotasi
3868,14828,42,18,2015-06-01,Rotasi
3869,14828,16,18,2019-02-23,Rotasi
3870,14839,30,46,1990-10-17,Alih Tugas
3871,14839,42,46,1996-07-08,Alih Tugas
3872,14839,10,46,1999-02-28,Rotasi
3873,14842,9,35,2021-06-16,Promosi
3874,14843,35,25,2023-09-03,Rotasi
3875,14847,10,33,2005-02-25,Rotasi
3876,14847,21,33,2010-04-22,Alih Tugas
3877,14847,25,33,2015-01-07,Promosi
3878,14848,6,28,2028-07-14,Promosi
3879,14864,8,15,2018-09-10,Rotasi
3880,14867,7,22,2004-11-10,Promosi
3881,14867,3,22,2009-03-15,Alih Tugas
3882,14867,28,22,2013-12-18,Alih Tugas
3883,14874,23,35,2026-10-16,Rotasi
3884,14884,28,41,2013-01-22,Rotasi
3885,14889,15,2,2017-02-19,Rotasi
3886,14905,26,24,2000-01-02,Rotasi
3887,14905,38,24,2004-04-22,Rotasi
3888,14905,44,24,2007-11-03,Rotasi
3889,14915,22,33,2027-06-02,Alih Tugas
3890,14918,29,39,1999-04-14,Rotasi
3891,14918,24,39,2004-07-20,Rotasi
3892,14918,7,39,2008-04-15,Rotasi
3893,14920,10,30,2019-10-12,Rotasi
3894,14922,30,2,2010-10-25,Rotasi
3895,14926,11,47,2012-11-17,Rotasi
3896,14926,13,47,2015-07-12,Promosi
3897,14933,25,1,2012-03-04,Promosi
3898,14933,10,1,2018-09-10,Rotasi
3899,14934,8,40,2011-02-23,Promosi
3900,14937,42,2,2020-10-15,Rotasi
3901,14950,28,30,2028-11-05,Promosi
3902,14958,11,6,1992-03-14,Rotasi
3903,14959,25,41,2018-06-13,Promosi
3904,14959,5,41,2022-01-09,Rotasi
3905,14962,19,8,2021-01-01,Rotasi
3906,14967,35,38,2018-11-03,Rotasi
3907,14976,31,22,2014-02-21,Rotasi
3908,14981,28,43,2021-07-06,Rotasi
3909,14987,15,39,1995-03-02,Promosi
3910,14989,22,21,2018-02-07,Rotasi
3911,14989,12,21,2021-05-01,Promosi
3912,15000,45,9,2028-05-23,Alih Tugas
3913,15001,30,26,2011-06-17,Rotasi
3914,15001,16,26,2016-11-20,Promosi
3915,15025,44,22,1999-05-28,Rotasi
3916,15025,6,22,2004-08-07,Rotasi
3917,15035,6,5,2017-05-07,Promosi
3918,15044,5,47,2022-03-05,Rotasi
3919,15045,20,26,2013-06-14,Rotasi
3920,15050,33,5,2003-02-01,Promosi
3921,15050,24,5,2009-09-23,Rotasi
3922,15053,20,12,2021-05-27,Rotasi
3923,15054,7,22,2019-06-18,Promosi
3924,15054,14,22,2023-04-20,Alih Tugas
3925,15058,12,3,2017-11-24,Alih Tugas
3926,15059,39,21,2026-01-02,Rotasi
3927,15063,11,43,2018-08-09,Rotasi
3928,15067,39,8,2011-09-05,Promosi
3929,15067,38,8,2016-07-11,Rotasi
3930,15069,18,13,2017-05-18,Alih Tugas
3931,15070,9,20,2018-06-14,Rotasi
3932,15070,11,20,2024-11-11,Promosi
3933,15081,19,26,2017-02-03,Alih Tugas
3934,15081,6,26,2022-03-07,Rotasi
3935,15092,46,35,2017-11-10,Rotasi
3936,15095,9,7,2018-01-26,Rotasi
3937,15095,16,7,2022-03-15,Promosi
3938,15097,11,17,2028-06-21,Rotasi
3939,15100,7,40,2009-01-20,Promosi
3940,15100,35,40,2014-11-05,Rotasi
3941,15104,37,11,1999-02-19,Rotasi
3942,15104,16,11,2002-07-17,Promosi
3943,15108,7,44,2005-10-21,Promosi
3944,15120,6,12,2012-01-11,Rotasi
3945,15125,38,32,2009-01-24,Rotasi
3946,15125,17,32,2015-03-16,Rotasi
3947,15125,1,32,2019-09-22,Rotasi
3948,15134,25,27,2028-09-02,Alih Tugas
3949,15135,42,28,2005-01-09,Alih Tugas
3950,15136,44,22,1995-08-02,Rotasi
3951,15136,33,22,2001-02-21,Rotasi
3952,15136,16,22,2006-05-19,Alih Tugas
3953,15161,32,30,2019-12-16,Rotasi
3954,15161,25,30,2022-06-11,Promosi
3955,15163,22,17,2004-10-03,Rotasi
3956,15163,15,17,2008-03-12,Rotasi
3957,15170,32,21,2011-07-15,Rotasi
3958,15177,22,30,2001-11-07,Alih Tugas
3959,15183,39,40,2026-01-01,Promosi
3960,15184,15,35,1999-06-11,Rotasi
3961,15184,11,35,2002-02-05,Promosi
3962,15184,45,35,2006-03-20,Alih Tugas
3963,15196,41,17,2015-01-04,Alih Tugas
3964,15203,33,39,2002-06-07,Promosi
3965,15203,16,39,2007-07-15,Promosi
3966,15203,20,39,2013-02-03,Rotasi
3967,15210,20,11,1993-09-07,Promosi
3968,15210,8,11,1999-03-09,Alih Tugas
3969,15210,23,11,2002-01-11,Rotasi
3970,15217,47,5,2009-07-07,Rotasi
3971,15217,29,5,2012-09-19,Rotasi
3972,15217,42,5,2018-08-19,Promosi
3973,15228,28,38,2005-09-12,Promosi
3974,15233,21,11,2010-03-25,Promosi
3975,15233,7,11,2014-06-16,Rotasi
3976,15234,42,40,2007-02-13,Alih Tugas
3977,15234,9,40,2013-12-03,Rotasi
3978,15234,18,40,2019-09-02,Rotasi
3979,15238,9,41,2009-10-22,Rotasi
3980,15238,23,41,2012-12-15,Promosi
3981,15238,4,41,2016-12-17,Alih Tugas
3982,15239,39,32,2013-10-17,Alih Tugas
3983,15243,24,3,2012-12-09,Alih Tugas
3984,15245,41,17,1991-07-13,Rotasi
3985,15245,31,17,1995-11-06,Alih Tugas
3986,15252,35,3,2021-02-26,Promosi
3987,15258,32,14,2019-01-24,Rotasi
3988,15261,5,11,2002-09-13,Rotasi
3989,15261,28,11,2005-07-13,Alih Tugas
3990,15268,4,37,2019-06-21,Promosi
3991,15274,2,15,2003-11-13,Rotasi
3992,15274,42,15,2008-11-23,Rotasi
3993,15274,34,15,2011-07-23,Promosi
3994,15286,22,12,2027-06-24,Rotasi
3995,15291,14,13,2016-12-03,Rotasi
3996,15296,25,47,2001-04-06,Rotasi
3997,15298,17,37,2018-05-11,Promosi
3998,15298,2,37,2024-05-18,Rotasi
3999,15299,40,7,2027-09-13,Rotasi
4000,15302,33,47,2009-03-05,Rotasi
4001,15306,40,24,2019-05-21,Promosi
4002,15306,40,24,2023-11-14,Promosi
4003,15314,18,8,1998-12-05,Alih Tugas
4004,15330,14,30,2025-03-02,Rotasi
4005,15331,11,15,2019-09-03,Promosi
4006,15331,25,15,2025-06-14,Rotasi
4007,15332,12,21,2024-09-19,Rotasi
4008,15337,25,33,2004-02-23,Alih Tugas
4009,15348,35,47,2021-02-17,Rotasi
4010,15351,16,2,2019-11-24,Promosi
4011,15354,30,46,2028-09-08,Alih Tugas
4012,15358,38,25,2017-12-23,Promosi
4013,15358,43,25,2021-01-04,Rotasi
4014,15361,23,25,2025-03-18,Rotasi
4015,15365,38,9,2027-04-12,Alih Tugas
4016,15367,32,30,2018-11-26,Alih Tugas
4017,15367,3,30,2022-08-17,Rotasi
4018,15378,9,19,2009-08-28,Promosi
4019,15378,21,19,2015-10-04,Alih Tugas
4020,15389,23,25,2026-06-27,Rotasi
4021,15391,38,21,2004-05-26,Rotasi
4022,15391,27,21,2010-11-28,Rotasi
4023,15397,23,47,2010-05-19,Rotasi
4024,15397,6,47,2016-11-13,Rotasi
4025,15405,12,44,2019-09-16,Rotasi
4026,15410,33,32,2018-09-21,Rotasi
4027,15413,34,24,2001-03-17,Rotasi
4028,15417,45,9,2017-02-01,Rotasi
4029,15417,2,9,2020-02-26,Alih Tugas
4030,15422,39,20,2015-06-13,Rotasi
4031,15426,26,47,2017-06-22,Rotasi
4032,15426,32,47,2021-09-08,Rotasi
4033,15427,2,15,2012-12-18,Promosi
4034,15427,41,15,2015-06-23,Rotasi
4035,15431,23,34,1994-02-19,Rotasi
4036,15433,47,46,2009-07-10,Alih Tugas
4037,15433,2,46,2015-05-09,Rotasi
4038,15433,29,46,2021-11-15,Promosi
4039,15436,9,24,1998-04-19,Rotasi
4040,15436,16,24,2001-10-03,Rotasi
4041,15447,7,20,2023-02-22,Rotasi
4042,15458,19,18,2015-04-01,Promosi
4043,15461,34,32,2021-12-21,Rotasi
4044,15463,13,46,2028-10-02,Promosi
4045,15469,42,18,2010-04-23,Promosi
4046,15469,11,18,2015-02-21,Rotasi
4047,15482,20,31,2013-03-21,Rotasi
4048,15482,7,31,2017-07-18,Alih Tugas
4049,15486,32,14,2027-03-24,Rotasi
4050,15487,34,11,2004-04-01,Rotasi
4051,15487,38,11,2009-07-12,Rotasi
4052,15501,12,47,2009-02-23,Promosi
4053,15505,30,11,1997-05-13,Rotasi
4054,15505,16,11,2001-03-22,Promosi
4055,15505,3,11,2006-10-26,Rotasi
4056,15507,31,19,2024-03-05,Rotasi
4057,15510,18,32,2009-04-23,Rotasi
4058,15520,19,24,1994-12-18,Promosi
4059,15520,33,24,1997-04-01,Rotasi
4060,15527,2,38,1996-07-12,Alih Tugas
4061,15527,34,38,2001-05-28,Rotasi
4062,15527,29,38,2005-09-07,Alih Tugas
4063,15532,18,14,2012-08-19,Rotasi
4064,15532,17,14,2018-05-08,Alih Tugas
4065,15541,38,30,2003-03-07,Promosi
4066,15541,42,30,2008-04-11,Alih Tugas
4067,15547,42,16,2011-04-01,Rotasi
4068,15547,15,16,2017-07-18,Rotasi
4069,15549,26,4,2018-04-23,Rotasi
4070,15549,36,4,2024-03-03,Promosi
4071,15550,43,8,2026-11-01,Alih Tugas
4072,15551,38,37,1995-05-17,Rotasi
4073,15551,4,37,2001-06-01,Rotasi
4074,15551,42,37,2006-07-22,Rotasi
4075,15572,7,22,2019-03-25,Rotasi
4076,15578,28,46,2007-03-20,Promosi
4077,15578,25,46,2012-09-28,Rotasi
4078,15578,22,46,2015-04-24,Rotasi
4079,15584,36,25,2009-08-11,Rotasi
4080,15590,23,36,2011-03-04,Rotasi
4081,15591,47,34,2025-09-02,Rotasi
4082,15592,10,31,2015-07-26,Rotasi
4083,15611,5,1,2019-06-23,Rotasi
4084,15627,21,14,2017-04-05,Rotasi
4085,15629,19,31,2029-07-09,Rotasi
4086,15630,25,22,2013-10-07,Promosi
4087,15642,35,32,2007-06-03,Promosi
4088,15647,44,26,2009-05-18,Promosi
4089,15662,24,22,2024-03-05,Rotasi
4090,15664,38,21,2017-11-02,Promosi
4091,15664,34,21,2023-06-14,Rotasi
4092,15665,23,30,2029-04-06,Rotasi
4093,15670,4,36,2003-06-02,Rotasi
4094,15676,1,8,2003-09-02,Rotasi
4095,15676,28,8,2008-12-16,Rotasi
4096,15676,41,8,2014-11-10,Rotasi
4097,15680,22,24,2025-11-27,Rotasi
4098,15686,28,40,2010-05-08,Rotasi
4099,15686,21,40,2014-12-05,Promosi
4100,15690,39,4,2017-09-11,Rotasi
4101,15690,7,4,2020-07-16,Promosi
4102,15692,7,36,2019-10-21,Rotasi
4103,15692,10,36,2023-05-03,Rotasi
4104,15695,39,31,1997-12-16,Rotasi
4105,15702,14,3,2017-12-16,Rotasi
4106,15703,38,26,2009-01-28,Promosi
4107,15703,17,26,2015-06-16,Alih Tugas
4108,15706,2,29,2006-11-03,Promosi
4109,15706,37,29,2011-12-13,Promosi
4110,15706,15,29,2017-10-14,Promosi
4111,15707,3,6,2004-10-23,Alih Tugas
4112,15707,17,6,2008-05-03,Rotasi
4113,15708,23,42,2006-06-28,Rotasi
4114,15708,45,42,2012-05-11,Rotasi
4115,15708,38,42,2018-01-25,Rotasi
4116,15712,24,3,2017-02-21,Rotasi
4117,15721,8,17,2008-06-23,Rotasi
4118,15722,5,17,2005-05-27,Promosi
4119,15727,31,5,2008-02-16,Rotasi
4120,15727,12,5,2013-09-06,Rotasi
4121,15730,42,1,2019-11-03,Alih Tugas
4122,15730,34,1,2024-01-07,Rotasi
4123,15740,42,30,2027-07-03,Rotasi
4124,15743,14,41,2012-11-17,Rotasi
4125,15743,4,41,2016-04-05,Rotasi
4126,15745,47,36,2004-05-08,Promosi
4127,15745,28,36,2010-06-11,Rotasi
4128,15746,9,25,2018-05-13,Promosi
4129,15746,33,25,2023-10-19,Rotasi
4130,15749,35,14,2023-07-06,Rotasi
4131,15753,22,5,2005-08-11,Alih Tugas
4132,15754,36,44,2015-07-20,Promosi
4133,15754,8,44,2019-08-18,Promosi
4134,15760,24,42,2015-01-13,Rotasi
4135,15760,33,42,2019-09-23,Rotasi
4136,15776,33,44,2026-10-27,Rotasi
4137,15778,21,4,2019-04-09,Alih Tugas
4138,15797,29,8,2027-04-26,Rotasi
4139,15798,15,7,2020-12-25,Promosi
4140,15800,4,37,2017-01-26,Rotasi
4141,15800,11,37,2022-08-07,Rotasi
4142,15802,41,22,2017-02-28,Rotasi
4143,15802,42,22,2021-05-21,Alih Tugas
4144,15810,35,33,2026-06-15,Rotasi
4145,15821,45,31,2027-03-07,Rotasi
4146,15823,35,13,2021-09-09,Rotasi
4147,15828,21,13,1994-05-10,Alih Tugas
4148,15828,47,13,1999-02-12,Rotasi
4149,15836,9,4,2018-05-18,Rotasi
4150,15836,1,4,2022-01-18,Alih Tugas
4151,15837,40,30,2027-12-26,Rotasi
4152,15841,16,37,2018-10-28,Rotasi
4153,15841,46,37,2023-07-03,Rotasi
4154,15842,41,6,2015-03-28,Rotasi
4155,15842,45,6,2020-03-27,Alih Tugas
4156,15849,27,25,2008-10-12,Rotasi
4157,15850,28,27,2015-02-24,Rotasi
4158,15852,37,5,2011-03-07,Alih Tugas
4159,15857,24,8,2017-05-18,Alih Tugas
4160,15859,29,38,2005-08-05,Promosi
4161,15859,43,38,2010-04-18,Rotasi
4162,15876,38,27,2019-04-01,Promosi
4163,15876,2,27,2025-02-20,Rotasi
4164,15877,8,22,2004-03-26,Rotasi
4165,15878,8,33,2013-11-08,Rotasi
4166,15879,36,34,2018-10-01,Rotasi
4167,15879,39,34,2022-01-01,Rotasi
4168,15880,47,32,2024-09-11,Rotasi
4169,15882,45,33,2009-07-10,Alih Tugas
4170,15893,9,28,2006-12-15,Promosi
4171,15895,13,5,1996-08-19,Promosi
4172,15895,17,5,2002-07-23,Rotasi
4173,15895,31,5,2007-01-23,Promosi
4174,15896,17,10,2028-08-26,Promosi
4175,15901,30,47,2019-10-14,Promosi
4176,15912,18,23,2020-06-06,Alih Tugas
4177,15913,31,38,2012-07-25,Rotasi
4178,15915,18,12,2016-07-14,Rotasi
4179,15915,28,12,2022-04-18,Rotasi
4180,15924,18,21,2017-04-13,Rotasi
4181,15924,14,21,2022-06-15,Rotasi
4182,15933,42,33,1995-10-15,Alih Tugas
4183,15933,26,33,1998-07-24,Alih Tugas
4184,15944,32,28,2017-12-05,Promosi
4185,15945,40,26,2016-02-08,Promosi
4186,15947,20,22,1993-12-09,Rotasi
4187,15960,30,39,2001-11-05,Rotasi
4188,15960,12,39,2006-01-26,Rotasi
4189,15966,21,10,2015-09-03,Promosi
4190,15966,38,10,2018-04-18,Rotasi
4191,15970,41,47,2006-03-25,Rotasi
4192,15970,41,47,2012-12-20,Rotasi
4193,15971,40,37,2012-03-06,Promosi
4194,15971,15,37,2018-01-09,Rotasi
4195,15972,4,44,2002-07-19,Rotasi
4196,15979,37,3,2008-05-27,Rotasi
4197,15979,44,3,2011-01-08,Rotasi
4198,15979,36,3,2014-11-18,Rotasi
4199,15986,17,29,2028-02-06,Rotasi
4200,15994,24,19,2005-03-03,Alih Tugas
4201,15994,46,19,2010-07-14,Rotasi
4202,16003,18,23,2017-08-14,Rotasi
4203,16003,47,23,2021-05-25,Alih Tugas
4204,16005,16,11,1998-03-14,Alih Tugas
4205,16005,14,11,2003-07-25,Promosi
4206,16009,12,47,2002-03-04,Promosi
4207,16009,29,47,2006-07-10,Alih Tugas
4208,16011,22,6,2029-05-03,Promosi
4209,16019,21,39,2023-09-09,Promosi
4210,16030,25,12,1997-08-26,Alih Tugas
4211,16030,9,12,2001-10-22,Promosi
4212,16045,9,3,2006-05-26,Alih Tugas
4213,16045,4,3,2009-10-05,Rotasi
4214,16045,28,3,2013-04-08,Rotasi
4215,16057,12,1,1993-09-06,Rotasi
4216,16057,28,1,1996-07-06,Alih Tugas
4217,16058,4,12,2020-07-08,Promosi
4218,16061,29,11,2008-12-26,Alih Tugas
4219,16061,43,11,2012-02-20,Rotasi
4220,16071,42,35,2028-06-20,Rotasi
4221,16079,26,36,2002-01-15,Promosi
4222,16079,20,36,2006-07-08,Rotasi
4223,16081,9,22,2029-04-23,Rotasi
4224,16092,33,28,2016-11-19,Rotasi
4225,16097,8,31,2001-12-25,Rotasi
4226,16097,6,31,2006-01-04,Rotasi
4227,16099,28,6,1997-09-04,Promosi
4228,16099,19,6,2001-03-12,Alih Tugas
4229,16100,3,18,2018-09-12,Rotasi
4230,16101,7,4,2000-02-28,Promosi
4231,16110,24,28,2022-09-22,Promosi
4232,16112,46,8,1994-12-05,Alih Tugas
4233,16112,7,8,1997-10-09,Promosi
4234,16116,22,28,2026-08-11,Rotasi
4235,16120,47,7,2016-11-26,Rotasi
4236,16133,37,31,2015-02-21,Rotasi
4237,16133,34,31,2021-07-01,Rotasi
4238,16143,18,5,1998-12-18,Promosi
4239,16143,15,5,2001-08-02,Rotasi
4240,16146,25,3,2018-04-17,Rotasi
4241,16152,37,42,2017-10-08,Promosi
4242,16163,29,21,2024-05-27,Promosi
4243,16182,15,44,1992-01-08,Rotasi
4244,16190,7,38,2022-10-27,Alih Tugas
4245,16194,40,42,2026-06-25,Rotasi
4246,16196,39,17,2008-11-13,Rotasi
4247,16196,14,17,2014-10-24,Rotasi
4248,16196,35,17,2017-06-05,Rotasi
4249,16200,25,5,2029-09-08,Alih Tugas
4250,16202,45,8,2029-09-26,Rotasi
4251,16203,9,4,2023-02-08,Rotasi
4252,16205,20,27,2023-12-12,Rotasi
4253,16206,37,30,2019-09-15,Rotasi
4254,16206,47,30,2025-09-20,Rotasi
4255,16212,47,38,2002-07-25,Rotasi
4256,16212,23,38,2008-12-27,Rotasi
4257,16212,28,38,2012-12-18,Rotasi
4258,16215,23,16,1996-09-07,Promosi
4259,16215,35,16,1999-04-23,Rotasi
4260,16215,21,16,2005-11-04,Alih Tugas
4261,16219,16,40,2026-04-02,Alih Tugas
4262,16224,30,36,2010-12-20,Alih Tugas
4263,16227,41,45,2008-03-20,Promosi
4264,16227,32,45,2014-11-28,Alih Tugas
4265,16227,13,45,2018-12-09,Alih Tugas
4266,16228,19,38,2020-10-05,Alih Tugas
4267,16232,15,13,2005-01-21,Promosi
4268,16232,42,13,2009-01-12,Rotasi
4269,16232,41,13,2015-07-17,Rotasi
4270,16233,15,43,2001-11-13,Rotasi
4271,16235,28,25,2015-08-07,Rotasi
4272,16235,6,25,2020-03-20,Promosi
4273,16241,2,3,2019-09-11,Promosi
4274,16241,42,3,2022-02-05,Rotasi
4275,16242,24,23,2014-06-24,Rotasi
4276,16242,10,23,2018-12-08,Alih Tugas
4277,16249,17,24,2024-07-26,Rotasi
4278,16252,29,8,2017-10-11,Rotasi
4279,16253,15,40,2018-05-20,Promosi
4280,16254,37,36,2002-04-26,Rotasi
4281,16259,29,16,2009-10-11,Rotasi
4282,16259,45,16,2012-12-08,Rotasi
4283,16259,10,16,2015-04-22,Rotasi
4284,16264,31,34,2017-01-07,Rotasi
4285,16264,38,34,2021-06-16,Promosi
4286,16265,34,6,2006-03-16,Alih Tugas
4287,16268,38,34,2017-03-13,Promosi
4288,16271,14,43,2009-11-28,Rotasi
4289,16271,11,43,2013-04-18,Promosi
4290,16271,17,43,2016-06-05,Alih Tugas
4291,16285,20,42,2025-01-18,Rotasi
4292,16294,30,14,2013-08-26,Alih Tugas
4293,16298,23,38,2022-11-20,Rotasi
4294,16326,19,27,2003-10-26,Rotasi
4295,16330,27,24,2029-03-01,Rotasi
4296,16334,30,25,2019-04-18,Promosi
4297,16343,1,3,2012-02-08,Rotasi
4298,16350,17,14,1995-09-26,Rotasi
4299,16352,41,34,2000-07-28,Promosi
4300,16352,27,34,2004-02-09,Promosi
4301,16352,32,34,2010-12-24,Promosi
4302,16354,31,16,2017-12-23,Rotasi
4303,16361,4,28,2025-05-14,Rotasi
4304,16367,27,29,2002-09-02,Rotasi
4305,16370,32,25,2025-02-07,Rotasi
4306,16371,39,19,2020-11-02,Promosi
4307,16375,35,13,2009-05-08,Rotasi
4308,16375,4,13,2014-06-19,Rotasi
4309,16375,41,13,2020-04-10,Rotasi
4310,16383,40,17,2019-03-25,Rotasi
4311,16383,6,17,2024-11-19,Rotasi
4312,16396,16,18,2015-04-24,Alih Tugas
4313,16396,2,18,2020-08-27,Promosi
4314,16400,47,13,2008-10-02,Promosi
4315,16403,47,12,2000-05-27,Rotasi
4316,16404,23,46,2017-08-04,Rotasi
4317,16404,17,46,2023-12-12,Rotasi
4318,16407,13,9,2025-02-21,Promosi
4319,16421,33,42,2023-07-13,Promosi
4320,16422,40,24,2000-12-20,Promosi
4321,16428,42,22,2026-06-07,Promosi
4322,16434,20,44,1997-01-23,Rotasi
4323,16434,43,44,2001-05-02,Rotasi
4324,16434,12,44,2007-01-06,Promosi
4325,16435,33,32,2028-04-08,Rotasi
4326,16436,10,28,2009-01-17,Rotasi
4327,16436,5,28,2015-08-07,Rotasi
4328,16436,4,28,2021-05-11,Alih Tugas
4329,16440,27,13,2013-12-17,Promosi
4330,16442,5,39,2006-05-13,Rotasi
4331,16443,42,8,2016-01-21,Alih Tugas
4332,16443,44,8,2022-12-27,Rotasi
4333,16444,32,40,2028-07-17,Rotasi
4334,16447,12,27,2024-07-16,Alih Tugas
4335,16448,38,12,2007-10-07,Rotasi
4336,16448,11,12,2011-12-15,Rotasi
4337,16448,41,12,2017-03-06,Rotasi
4338,16455,10,42,2016-12-03,Rotasi
4339,16468,30,43,2021-01-15,Alih Tugas
4340,16471,12,27,2026-05-19,Promosi
4341,16503,37,33,2016-01-19,Rotasi
4342,16503,4,33,2022-01-03,Promosi
4343,16505,37,23,2009-06-03,Rotasi
4344,16505,17,23,2013-06-03,Promosi
4345,16513,3,45,2023-02-04,Alih Tugas
4346,16528,41,31,2028-06-25,Rotasi
4347,16532,9,13,2002-05-16,Rotasi
4348,16532,5,13,2006-01-16,Rotasi
4349,16547,33,9,2027-10-14,Promosi
4350,16551,33,3,2024-12-05,Alih Tugas
4351,16568,39,37,2001-08-24,Alih Tugas
4352,16570,1,16,2010-09-06,Alih Tugas
4353,16575,35,8,2022-03-12,Promosi
4354,16590,29,10,1999-08-04,Promosi
4355,16590,17,10,2003-11-03,Promosi
4356,16590,13,10,2008-10-22,Rotasi
4357,16594,37,21,2004-01-09,Rotasi
4358,16594,18,21,2008-07-03,Rotasi
4359,16594,5,21,2011-11-08,Rotasi
4360,16597,36,43,2025-09-18,Rotasi
4361,16603,36,45,2006-01-18,Promosi
4362,16603,36,45,2012-05-10,Promosi
4363,16607,15,10,2016-04-12,Alih Tugas
4364,16609,21,33,2010-09-24,Alih Tugas
4365,16609,46,33,2014-08-26,Alih Tugas
4366,16614,15,41,2012-05-22,Alih Tugas
4367,16614,45,41,2017-05-02,Alih Tugas
4368,16618,40,27,2027-09-09,Rotasi
4369,16623,38,43,1995-08-04,Promosi
4370,16628,19,42,2029-07-15,Promosi
4371,16631,37,6,2001-10-27,Rotasi
4372,16632,2,26,2018-05-14,Rotasi
4373,16632,46,26,2021-06-21,Rotasi
4374,16635,13,9,1991-01-02,Alih Tugas
4375,16635,18,9,1996-06-03,Rotasi
4376,16635,47,9,2002-07-15,Promosi
4377,16644,3,21,2026-08-01,Rotasi
4378,16648,11,26,2028-09-05,Alih Tugas
4379,16652,36,16,1997-09-26,Promosi
4380,16656,26,14,2027-09-12,Alih Tugas
4381,16673,33,8,2020-03-01,Alih Tugas
4382,16677,1,14,2028-10-25,Rotasi
4383,16698,35,29,2006-04-21,Alih Tugas
4384,16698,47,29,2012-09-13,Alih Tugas
4385,16698,13,29,2016-10-05,Rotasi
4386,16727,43,31,2015-08-06,Rotasi
4387,16727,45,31,2019-12-19,Promosi
4388,16735,27,21,1997-11-09,Alih Tugas
4389,16752,45,23,2003-01-11,Rotasi
4390,16757,8,11,2019-08-06,Rotasi
4391,16764,17,13,2004-06-19,Rotasi
4392,16783,44,19,2019-07-06,Rotasi
4393,16783,14,19,2023-11-27,Rotasi
4394,16784,24,15,2027-01-23,Rotasi
4395,16796,23,44,2002-02-06,Promosi
4396,16796,4,44,2008-03-17,Rotasi
4397,16796,39,44,2011-01-27,Promosi
4398,16799,37,1,2020-06-24,Alih Tugas
4399,16802,19,10,2019-08-14,Promosi
4400,16802,24,10,2024-11-03,Rotasi
4401,16805,25,8,2019-03-14,Promosi
4402,16805,41,8,2025-02-06,Rotasi
4403,16806,42,19,2002-04-13,Rotasi
4404,16812,26,34,2021-02-04,Rotasi
4405,16814,33,18,2001-01-03,Promosi
4406,16814,29,18,2007-02-27,Alih Tugas
4407,16814,28,18,2010-03-10,Alih Tugas
4408,16823,47,34,2001-08-27,Rotasi
4409,16823,39,34,2004-12-04,Rotasi
4410,16833,10,34,2026-12-20,Rotasi
4411,16845,9,47,2029-06-09,Promosi
4412,16850,19,32,2025-10-23,Promosi
4413,16852,37,28,2008-04-20,Promosi
4414,16858,41,25,2018-05-25,Rotasi
4415,16858,22,25,2024-02-23,Rotasi
4416,16868,46,13,2019-12-06,Rotasi
4417,16870,5,1,2003-05-23,Promosi
4418,16870,3,1,2009-12-09,Promosi
4419,16870,19,1,2014-09-18,Promosi
4420,16871,21,20,2004-05-06,Alih Tugas
4421,16878,1,33,2029-03-26,Rotasi
4422,16879,7,39,2009-10-04,Rotasi
4423,16879,7,39,2015-01-09,Rotasi
4424,16883,44,36,2027-02-28,Rotasi
4425,16887,38,34,2026-05-26,Alih Tugas
4426,16907,33,5,2010-10-02,Rotasi
4427,16908,8,3,2019-09-05,Rotasi
4428,16910,10,1,1997-08-13,Alih Tugas
4429,16910,11,1,2001-11-11,Alih Tugas
4430,16915,45,17,2022-03-10,Promosi
4431,16917,36,27,2017-06-21,Rotasi
4432,16918,17,44,2003-03-16,Rotasi
4433,16920,7,42,2028-12-09,Promosi
4434,16923,16,14,2022-08-25,Rotasi
4435,16929,28,33,2012-02-07,Rotasi
4436,16948,33,9,2007-11-11,Rotasi
4437,16956,22,13,2018-11-02,Alih Tugas
4438,16956,4,13,2021-03-18,Promosi
4439,16959,32,39,2024-08-04,Rotasi
4440,16960,1,34,2022-12-09,Promosi
4441,16961,13,2,2017-03-26,Rotasi
4442,16961,21,2,2023-01-17,Rotasi
4443,16963,13,41,1998-03-03,Alih Tugas
4444,16963,3,41,2001-06-03,Promosi
4445,16963,12,41,2005-01-12,Rotasi
4446,16964,43,47,2005-07-21,Rotasi
4447,16964,21,47,2010-10-11,Rotasi
4448,16964,35,47,2013-05-06,Rotasi
4449,16973,38,2,2025-03-12,Rotasi
4450,16975,12,20,2012-10-06,Rotasi
4451,16984,1,19,2023-03-05,Rotasi
4452,16990,19,9,1997-03-24,Alih Tugas
4453,16990,42,9,2002-06-07,Rotasi
4454,16999,1,18,1991-09-06,Promosi
4455,16999,31,18,1996-03-27,Rotasi
4456,16999,36,18,1999-08-06,Promosi
4457,17007,20,21,2018-05-16,Rotasi
4458,17007,29,21,2022-10-12,Alih Tugas
4459,17009,3,25,2028-12-14,Alih Tugas
4460,17011,20,24,2018-11-10,Rotasi
4461,17011,20,24,2022-04-17,Rotasi
4462,17015,38,21,2010-01-24,Rotasi
4463,17016,20,34,2007-06-01,Rotasi
4464,17018,14,23,2010-08-22,Rotasi
4465,17028,22,4,2025-06-17,Rotasi
4466,17030,16,8,2025-06-19,Promosi
4467,17049,38,7,2025-02-12,Rotasi
4468,17051,31,39,2007-04-20,Rotasi
4469,17051,33,39,2010-06-08,Alih Tugas
4470,17051,43,39,2013-06-02,Promosi
4471,17056,44,16,2018-07-05,Promosi
4472,17058,3,5,2029-05-22,Promosi
4473,17069,18,35,2006-09-12,Promosi
4474,17069,18,35,2012-02-27,Rotasi
4475,17075,19,4,2026-02-25,Rotasi
4476,17078,10,9,2002-04-20,Alih Tugas
4477,17078,38,9,2008-01-20,Promosi
4478,17083,29,36,2007-11-20,Rotasi
4479,17083,29,36,2012-02-28,Promosi
4480,17083,38,36,2016-05-10,Alih Tugas
4481,17089,44,41,2012-05-24,Alih Tugas
4482,17092,28,9,2025-06-08,Rotasi
4483,17108,46,15,2004-02-16,Alih Tugas
4484,17115,39,24,2029-08-05,Promosi
4485,17119,2,30,2014-03-04,Promosi
4486,17119,41,30,2019-11-03,Rotasi
4487,17126,37,3,1993-05-25,Rotasi
4488,17128,20,29,2004-07-24,Alih Tugas
4489,17128,44,29,2010-09-01,Rotasi
4490,17139,32,14,1989-11-27,Rotasi
4491,17139,12,14,1995-09-21,Rotasi
4492,17139,38,14,2001-11-23,Rotasi
4493,17143,16,17,2000-09-25,Rotasi
4494,17143,42,17,2003-03-11,Alih Tugas
4495,17150,4,10,2011-02-01,Alih Tugas
4496,17151,45,39,2004-02-19,Rotasi
4497,17161,20,30,2019-08-18,Alih Tugas
4498,17161,39,30,2025-09-20,Rotasi
4499,17176,41,46,1993-08-17,Alih Tugas
4500,17176,18,46,1999-03-14,Rotasi
4501,17176,38,46,2005-04-23,Alih Tugas
4502,17177,32,26,2019-06-19,Rotasi
4503,17180,30,35,2004-02-26,Rotasi
4504,17180,42,35,2007-01-09,Promosi
4505,17180,5,35,2010-03-01,Rotasi
4506,17183,6,21,2015-06-04,Rotasi
4507,17183,5,21,2018-07-01,Rotasi
4508,17192,44,33,2019-12-28,Promosi
4509,17192,47,33,2025-09-09,Promosi
4510,17196,6,32,2025-09-13,Alih Tugas
4511,17197,33,43,2006-08-03,Alih Tugas
4512,17197,27,43,2009-03-08,Rotasi
4513,17197,23,43,2014-01-22,Promosi
4514,17205,45,35,2026-09-28,Alih Tugas
4515,17210,16,31,1989-09-25,Rotasi
4516,17210,41,31,1994-09-05,Alih Tugas
4517,17210,40,31,1997-04-22,Rotasi
4518,17211,24,46,2005-04-19,Rotasi
4519,17211,22,46,2011-06-22,Rotasi
4520,17211,36,46,2016-07-17,Alih Tugas
4521,17215,11,47,2022-12-06,Promosi
4522,17220,29,42,1992-07-05,Rotasi
4523,17220,37,42,1996-07-26,Rotasi
4524,17226,14,23,2009-10-12,Rotasi
4525,17226,12,23,2012-12-11,Alih Tugas
4526,17230,41,15,2012-05-03,Alih Tugas
4527,17240,17,25,1999-04-15,Rotasi
4528,17240,6,25,2005-05-28,Rotasi
4529,17243,25,4,2027-12-23,Alih Tugas
4530,17244,14,34,2027-01-24,Alih Tugas
4531,17252,29,37,2017-06-13,Rotasi
4532,17271,38,23,1999-04-25,Rotasi
4533,17271,32,23,2003-02-16,Promosi
4534,17271,42,23,2006-05-17,Rotasi
4535,17276,40,26,2015-09-05,Promosi
4536,17278,31,45,2002-04-21,Rotasi
4537,17303,25,3,2000-08-13,Promosi
4538,17303,24,3,2005-04-14,Promosi
4539,17313,17,3,2024-09-14,Promosi
4540,17323,4,24,2006-07-01,Rotasi
4541,17323,33,24,2011-11-06,Promosi
4542,17323,8,24,2015-08-22,Promosi
4543,17324,2,30,2020-05-09,Rotasi
4544,17325,44,24,2016-01-05,Rotasi
4545,17325,45,24,2019-05-11,Promosi
4546,17328,27,7,2015-06-06,Alih Tugas
4547,17328,41,7,2021-04-24,Rotasi
4548,17329,31,1,2017-07-16,Rotasi
4549,17336,40,23,2019-11-26,Rotasi
4550,17336,5,23,2024-03-17,Alih Tugas
4551,17344,47,44,2018-06-12,Promosi
4552,17344,47,44,2021-01-28,Alih Tugas
4553,17350,33,27,2012-05-27,Alih Tugas
4554,17350,44,27,2016-07-04,Promosi
4555,17359,34,42,2000-02-14,Rotasi
4556,17380,19,13,2012-05-21,Rotasi
4557,17380,14,13,2015-12-20,Promosi
4558,17394,22,39,2021-08-13,Alih Tugas
4559,17399,37,27,2008-08-09,Rotasi
4560,17399,29,27,2013-07-17,Alih Tugas
4561,17399,33,27,2017-11-27,Rotasi
4562,17406,36,7,2027-03-11,Promosi
4563,17409,43,7,2006-11-25,Rotasi
4564,17414,43,22,2028-02-14,Alih Tugas
4565,17415,26,5,2002-01-15,Rotasi
4566,17426,6,5,2011-03-21,Rotasi
4567,17433,29,18,2025-12-23,Rotasi
4568,17442,46,8,2020-02-10,Promosi
4569,17445,3,44,2025-04-01,Rotasi
4570,17447,22,6,2014-06-09,Alih Tugas
4571,17447,9,6,2020-02-12,Alih Tugas
4572,17451,23,45,2004-07-01,Alih Tugas
4573,17451,3,45,2007-03-27,Promosi
4574,17451,27,45,2013-05-17,Rotasi
4575,17454,16,39,2016-02-09,Alih Tugas
4576,17462,25,20,1992-07-19,Rotasi
4577,17462,33,20,1995-04-24,Rotasi
4578,17466,39,12,2019-11-02,Alih Tugas
4579,17468,29,33,2027-01-16,Rotasi
4580,17469,5,25,1992-08-23,Rotasi
4581,17469,22,25,1998-11-19,Promosi
4582,17475,35,5,2018-04-25,Rotasi
4583,17482,8,11,2012-07-24,Rotasi
4584,17482,24,11,2017-06-17,Promosi
4585,17490,35,9,2028-10-26,Alih Tugas
4586,17491,5,9,2017-07-13,Promosi
4587,17491,45,9,2022-03-21,Rotasi
4588,17492,42,18,2008-03-25,Rotasi
4589,17497,29,21,2006-11-19,Alih Tugas
4590,17497,26,21,2010-06-22,Rotasi
4591,17499,35,9,1996-08-04,Rotasi
4592,17503,35,42,2019-04-12,Promosi
4593,17513,25,43,2015-12-12,Rotasi
4594,17524,36,38,2006-09-15,Promosi
4595,17524,1,38,2009-12-27,Rotasi
4596,17524,25,38,2013-09-14,Rotasi
4597,17525,21,46,2013-11-06,Rotasi
4598,17526,20,3,2020-05-02,Promosi
4599,17530,8,2,1996-05-21,Rotasi
4600,17530,6,2,1999-12-02,Rotasi
4601,17530,8,2,2005-02-10,Alih Tugas
4602,17535,38,1,2023-09-11,Alih Tugas
4603,17543,8,26,2007-03-20,Promosi
4604,17543,15,26,2010-11-02,Promosi
4605,17548,13,35,2014-08-19,Rotasi
4606,17554,4,36,2015-07-02,Rotasi
4607,17558,14,17,2017-09-25,Rotasi
4608,17560,7,14,2016-04-18,Rotasi
4609,17562,46,24,2003-02-20,Rotasi
4610,17567,2,38,2028-01-07,Promosi
4611,17571,45,37,2019-06-21,Promosi
4612,17571,22,37,2022-03-19,Alih Tugas
4613,17578,16,30,2010-04-12,Promosi
4614,17578,3,30,2015-05-21,Rotasi
4615,17580,30,14,2020-01-10,Promosi
4616,17586,6,41,2016-05-12,Alih Tugas
4617,17588,41,25,2013-08-12,Rotasi
4618,17588,1,25,2018-02-01,Promosi
4619,17591,17,40,2019-04-08,Promosi
4620,17597,22,13,2027-01-11,Rotasi
4621,17600,25,11,2006-06-26,Rotasi
4622,17600,37,11,2011-01-04,Rotasi
4623,17600,47,11,2015-09-17,Rotasi
4624,17610,18,34,2024-04-12,Rotasi
4625,17611,2,15,2028-10-08,Rotasi
4626,17612,25,19,2026-08-02,Rotasi
4627,17618,18,26,2005-10-13,Rotasi
4628,17618,43,26,2011-06-27,Alih Tugas
4629,17618,24,26,2016-02-16,Rotasi
4630,17620,12,16,2025-09-04,Alih Tugas
4631,17629,3,22,2009-10-11,Rotasi
4632,17629,12,22,2015-08-27,Rotasi
4633,17632,15,43,2019-03-22,Promosi
4634,17632,20,43,2024-01-11,Rotasi
4635,17633,13,7,2012-11-22,Alih Tugas
4636,17633,31,7,2018-01-24,Rotasi
4637,17646,25,22,2025-06-02,Promosi
4638,17654,29,4,2022-11-15,Rotasi
4639,17657,2,35,2003-09-20,Rotasi
4640,17657,27,35,2009-08-01,Rotasi
4641,17657,13,35,2012-10-27,Alih Tugas
4642,17658,28,30,1997-08-21,Promosi
4643,17658,34,30,2001-09-04,Rotasi
4644,17658,19,30,2007-12-19,Rotasi
4645,17663,37,18,2017-11-18,Rotasi
4646,17674,16,24,2026-05-27,Rotasi
4647,17680,39,47,2018-05-21,Rotasi
4648,17686,31,19,2014-05-14,Promosi
4649,17686,21,19,2017-04-16,Promosi
4650,17690,9,33,2016-01-07,Promosi
4651,17692,39,46,2002-07-01,Promosi
4652,17692,3,46,2005-05-21,Rotasi
4653,17706,2,32,2010-06-01,Alih Tugas
4654,17706,8,32,2016-10-22,Rotasi
4655,17707,14,18,2015-03-06,Rotasi
4656,17713,46,26,2006-08-04,Promosi
4657,17722,30,36,2006-09-13,Rotasi
4658,17722,27,36,2012-08-15,Rotasi
4659,17734,8,34,2024-07-27,Rotasi
4660,17740,14,13,2001-12-15,Rotasi
4661,17740,38,13,2007-08-12,Rotasi
4662,17740,33,13,2011-07-20,Rotasi
4663,17745,37,21,2007-10-09,Rotasi
4664,17745,13,21,2012-10-07,Rotasi
4665,17750,38,39,2017-09-26,Rotasi
4666,17750,17,39,2022-06-03,Alih Tugas
4667,17752,2,39,1992-01-27,Rotasi
4668,17753,36,40,2011-05-06,Promosi
4669,17753,24,40,2014-12-18,Promosi
4670,17760,33,45,2027-06-23,Rotasi
4671,17764,8,30,2003-02-12,Alih Tugas
4672,17764,24,30,2006-06-24,Promosi
4673,17764,33,30,2009-04-07,Rotasi
4674,17772,10,43,2000-12-15,Rotasi
4675,17772,18,43,2003-06-16,Rotasi
4676,17776,44,31,2011-05-25,Promosi
4677,17783,9,11,2012-05-23,Rotasi
4678,17783,24,11,2015-11-04,Rotasi
4679,17786,44,28,2007-09-14,Alih Tugas
4680,17786,24,28,2013-06-13,Alih Tugas
4681,17789,22,14,2024-11-22,Promosi
4682,17800,39,8,2012-08-21,Promosi
4683,17800,32,8,2018-05-16,Promosi
4684,17805,22,21,2008-07-18,Promosi
4685,17805,43,21,2013-02-01,Alih Tugas
4686,17807,46,10,2011-09-02,Promosi
4687,17809,9,45,2004-08-17,Promosi
4688,17809,46,45,2010-07-17,Promosi
4689,17817,38,37,2028-12-18,Rotasi
4690,17822,32,36,2017-04-09,Alih Tugas
4691,17823,25,37,2002-06-16,Alih Tugas
4692,17823,12,37,2008-12-06,Rotasi
4693,17823,46,37,2011-08-15,Alih Tugas
4694,17834,30,14,2028-07-14,Promosi
4695,17841,20,36,1991-10-02,Alih Tugas
4696,17841,2,36,1997-06-27,Rotasi
4697,17841,45,36,2001-04-01,Rotasi
4698,17856,17,46,2026-12-11,Promosi
4699,17861,38,15,2018-08-03,Rotasi
4700,17861,27,15,2023-02-13,Alih Tugas
4701,17865,47,38,2028-10-27,Rotasi
4702,17866,41,21,2023-06-18,Promosi
4703,17872,19,11,2016-10-01,Rotasi
4704,17872,44,11,2022-03-09,Alih Tugas
4705,17879,37,44,2013-09-03,Rotasi
4706,17879,1,44,2017-08-22,Alih Tugas
4707,17885,18,47,2016-04-08,Rotasi
4708,17885,23,47,2022-03-23,Rotasi
4709,17886,14,33,2027-11-17,Rotasi
4710,17888,42,19,2026-07-27,Alih Tugas
4711,17892,38,6,2006-09-23,Rotasi
4712,17892,38,6,2011-10-13,Rotasi
4713,17892,16,6,2017-08-20,Rotasi
4714,17894,36,9,2012-06-17,Rotasi
4715,17894,4,9,2016-06-22,Rotasi
4716,17901,14,21,2005-11-25,Promosi
4717,17901,37,21,2011-01-22,Rotasi
4718,17901,43,21,2015-12-05,Rotasi
4719,17904,39,22,2029-10-24,Rotasi
4720,17924,11,20,2013-07-05,Alih Tugas
4721,17927,19,35,2005-03-04,Rotasi
4722,17935,12,40,2025-09-05,Promosi
4723,17939,36,14,2020-10-05,Rotasi
4724,17961,12,29,2006-04-15,Rotasi
4725,17961,36,29,2010-02-17,Rotasi
4726,17961,5,29,2013-08-27,Alih Tugas
4727,17973,29,35,1994-10-04,Rotasi
4728,17973,12,35,1999-01-28,Rotasi
4729,17982,34,40,2004-10-20,Rotasi
4730,17982,16,40,2010-09-10,Alih Tugas
4731,17982,4,40,2016-04-19,Rotasi
4732,17983,24,6,2007-01-28,Alih Tugas
4733,17983,11,6,2010-06-24,Rotasi
4734,17983,8,6,2016-01-14,Alih Tugas
4735,17985,5,47,2027-10-11,Alih Tugas
4736,17987,5,29,2022-11-15,Rotasi
4737,17989,31,4,2003-05-16,Rotasi
4738,17989,19,4,2009-02-18,Alih Tugas
4739,17989,29,4,2015-01-25,Promosi
4740,17991,38,8,2014-12-22,Rotasi
4741,17992,37,31,2007-07-18,Rotasi
4742,17993,12,30,2026-02-09,Rotasi
4743,18003,36,40,2003-12-26,Alih Tugas
4744,18003,6,40,2009-05-10,Rotasi
4745,18008,41,30,2005-03-04,Alih Tugas
4746,18008,25,30,2008-01-17,Rotasi
4747,18008,35,30,2014-06-05,Promosi
4748,18017,15,30,1993-01-07,Rotasi
4749,18017,8,30,1996-10-22,Alih Tugas
4750,18017,7,30,1999-02-22,Rotasi
4751,18033,10,33,1995-08-20,Rotasi
4752,18033,29,33,2001-01-19,Promosi
4753,18033,18,33,2004-03-10,Rotasi
4754,18039,13,19,2022-10-18,Rotasi
4755,18054,8,41,2025-02-01,Alih Tugas
4756,18060,41,10,2027-05-01,Rotasi
4757,18069,36,15,2014-07-09,Promosi
4758,18088,36,1,2004-06-04,Alih Tugas
4759,18088,22,1,2010-12-16,Alih Tugas
4760,18088,43,1,2014-04-04,Alih Tugas
4761,18096,19,17,2029-08-19,Alih Tugas
4762,18107,5,33,2000-03-18,Alih Tugas
4763,18107,35,33,2006-05-26,Alih Tugas
4764,18107,18,33,2009-10-26,Rotasi
4765,18108,17,7,2019-03-02,Rotasi
4766,18108,32,7,2022-08-23,Alih Tugas
4767,18110,24,9,2018-05-28,Rotasi
4768,18113,6,22,2000-10-09,Rotasi
4769,18113,1,22,2005-06-21,Promosi
4770,18113,32,22,2011-02-12,Alih Tugas
4771,18122,44,36,2021-12-15,Rotasi
4772,18126,45,36,2013-11-23,Alih Tugas
4773,18135,20,34,2011-03-18,Promosi
4774,18141,16,21,2013-03-01,Promosi
4775,18141,32,21,2016-09-23,Rotasi
4776,18149,9,33,2012-11-16,Rotasi
4777,18157,6,10,2023-05-18,Alih Tugas
4778,18166,6,39,2028-06-18,Rotasi
4779,18167,40,21,2022-11-04,Alih Tugas
4780,18178,27,46,2012-08-19,Alih Tugas
4781,18187,16,25,2009-10-12,Alih Tugas
4782,18187,8,25,2014-07-23,Alih Tugas
4783,18187,16,25,2017-05-17,Rotasi
4784,18197,46,5,1997-04-15,Rotasi
4785,18197,27,5,2001-06-24,Rotasi
4786,18204,28,43,2025-08-28,Rotasi
4787,18208,45,30,1997-12-23,Rotasi
4788,18212,2,43,2004-01-11,Rotasi
4789,18212,39,43,2007-08-06,Alih Tugas
4790,18214,31,35,2008-02-25,Rotasi
4791,18219,34,15,2009-03-15,Rotasi
4792,18219,30,15,2013-01-13,Rotasi
4793,18228,7,34,2028-10-03,Alih Tugas
4794,18238,36,33,2028-05-16,Alih Tugas
4795,18242,46,10,2007-05-26,Promosi
4796,18242,12,10,2013-08-19,Rotasi
4797,18247,42,26,2018-11-05,Rotasi
4798,18247,21,26,2024-01-18,Rotasi
4799,18249,47,34,2006-08-22,Rotasi
4800,18249,30,34,2009-02-27,Alih Tugas
4801,18254,16,47,2022-11-06,Alih Tugas
4802,18261,31,35,2026-01-21,Rotasi
4803,18262,10,2,2004-03-16,Rotasi
4804,18262,19,2,2008-03-06,Promosi
4805,18269,13,34,2009-05-08,Promosi
4806,18269,44,34,2015-06-05,Alih Tugas
4807,18282,44,33,2025-06-08,Promosi
4808,18283,11,2,2004-05-26,Alih Tugas
4809,18283,18,2,2010-05-28,Alih Tugas
4810,18283,29,2,2015-08-21,Promosi
4811,18285,40,36,2017-05-19,Rotasi
4812,18285,2,36,2023-05-07,Alih Tugas
4813,18297,10,19,2018-03-05,Alih Tugas
4814,18306,37,5,2007-12-03,Rotasi
4815,18308,27,17,2029-06-21,Rotasi
4816,18309,38,4,2027-04-03,Promosi
4817,18319,40,25,2028-05-13,Rotasi
4818,18323,3,30,1997-05-13,Promosi
4819,18330,33,7,2016-06-08,Alih Tugas
4820,18342,6,23,2026-02-28,Promosi
4821,18347,44,5,1999-03-24,Promosi
4822,18347,37,5,2004-04-16,Rotasi
4823,18347,21,5,2008-04-05,Rotasi
4824,18355,4,3,2002-12-04,Promosi
4825,18355,38,3,2006-08-16,Alih Tugas
4826,18365,33,45,2017-08-07,Rotasi
4827,18365,26,45,2022-02-17,Rotasi
4828,18366,5,19,2020-02-01,Promosi
4829,18378,44,42,2026-01-14,Promosi
4830,18380,17,5,2009-06-17,Promosi
4831,18380,47,5,2013-04-08,Rotasi
4832,18380,15,5,2019-08-20,Rotasi
4833,18382,29,15,2007-05-14,Rotasi
4834,18382,11,15,2012-11-19,Rotasi
4835,18382,33,15,2017-01-20,Promosi
4836,18385,16,6,2026-05-15,Rotasi
4837,18390,35,17,2027-03-14,Promosi
4838,18393,25,11,2027-05-16,Rotasi
4839,18397,35,46,2024-01-04,Promosi
4840,18405,31,41,2029-10-20,Rotasi
4841,18412,45,34,2024-07-25,Promosi
4842,18414,31,36,2028-06-26,Promosi
4843,18415,28,23,2027-03-27,Rotasi
4844,18420,4,40,2013-10-02,Rotasi
4845,18420,23,40,2019-01-25,Rotasi
4846,18423,32,4,2002-05-11,Alih Tugas
4847,18425,22,25,2000-03-25,Rotasi
4848,18425,6,25,2004-06-08,Alih Tugas
4849,18425,17,25,2008-10-02,Rotasi
4850,18428,21,22,2014-12-01,Promosi
4851,18431,36,19,2015-03-28,Promosi
4852,18441,12,4,2015-05-25,Alih Tugas
4853,18441,9,4,2018-09-07,Rotasi
4854,18443,45,46,2019-10-09,Rotasi
4855,18445,7,23,2028-09-05,Promosi
4856,18451,38,21,2019-02-14,Rotasi
4857,18451,8,21,2024-09-15,Rotasi
4858,18458,24,15,2025-12-22,Alih Tugas
4859,18472,27,32,2019-11-20,Rotasi
4860,18480,42,39,2021-07-24,Rotasi
4861,18483,20,24,2004-05-08,Alih Tugas
4862,18487,25,17,2008-05-10,Alih Tugas
4863,18487,47,17,2011-11-20,Alih Tugas
4864,18489,16,7,2027-08-27,Rotasi
4865,18508,28,1,2012-02-17,Promosi
4866,18508,4,1,2015-05-20,Rotasi
4867,18512,47,28,2018-05-05,Rotasi
4868,18512,38,28,2021-09-12,Alih Tugas
4869,18518,4,1,2018-12-17,Rotasi
4870,18518,25,1,2024-03-05,Rotasi
4871,18525,43,15,2010-10-05,Rotasi
4872,18525,37,15,2015-07-09,Rotasi
4873,18530,13,9,2001-10-04,Alih Tugas
4874,18537,8,17,2007-12-24,Rotasi
4875,18537,20,17,2013-12-07,Promosi
4876,18543,40,27,2026-11-07,Promosi
4877,18555,17,30,2025-03-04,Promosi
4878,18558,11,19,2017-10-12,Promosi
4879,18559,10,6,2012-10-19,Promosi
4880,18562,37,41,2010-07-01,Promosi
4881,18565,11,41,1994-03-21,Rotasi
4882,18565,2,41,1999-07-05,Rotasi
4883,18565,34,41,2002-05-03,Rotasi
4884,18570,13,28,2017-09-08,Rotasi
4885,18571,34,6,2004-07-23,Rotasi
4886,18593,34,18,2014-12-25,Rotasi
4887,18593,44,18,2017-01-26,Promosi
4888,18599,13,46,2017-11-10,Rotasi
4889,18599,47,46,2020-01-09,Alih Tugas
4890,18611,10,7,2025-07-09,Alih Tugas
4891,18612,30,2,2004-01-02,Rotasi
4892,18612,11,2,2010-10-18,Rotasi
4893,18616,43,16,2019-11-09,Promosi
4894,18629,41,36,2008-10-02,Rotasi
4895,18634,6,16,1999-05-27,Rotasi
4896,18634,15,16,2004-07-14,Rotasi
4897,18637,13,29,1998-07-05,Rotasi
4898,18637,41,29,2002-07-05,Rotasi
4899,18638,46,45,2024-11-16,Rotasi
4900,18647,1,28,2009-12-02,Rotasi
4901,18654,21,1,2006-09-01,Promosi
4902,18657,26,34,2014-02-20,Promosi
4903,18657,12,34,2017-10-07,Rotasi
4904,18668,34,23,2020-12-24,Rotasi
4905,18690,46,9,2024-01-19,Rotasi
4906,18691,29,4,2008-10-07,Rotasi
4907,18692,10,24,2026-11-03,Rotasi
4908,18693,33,36,2024-03-21,Rotasi
4909,18696,25,1,1998-12-23,Promosi
4910,18696,21,1,2001-01-05,Rotasi
4911,18696,32,1,2006-01-27,Promosi
4912,18705,28,24,2013-03-21,Rotasi
4913,18705,35,24,2016-01-20,Rotasi
4914,18706,23,13,2017-03-03,Promosi
4915,18709,4,37,2019-11-08,Rotasi
4916,18711,5,32,2005-02-20,Promosi
4917,18712,17,45,1999-10-14,Rotasi
4918,18712,26,45,2002-12-13,Rotasi
4919,18714,7,30,2010-07-21,Rotasi
4920,18717,40,14,2025-11-06,Promosi
4921,18721,30,36,2006-09-19,Rotasi
4922,18721,24,36,2009-06-10,Rotasi
4923,18731,41,27,2028-12-15,Promosi
4924,18737,47,5,1996-07-01,Promosi
4925,18737,22,5,1999-11-28,Rotasi
4926,18751,43,22,2023-12-26,Rotasi
4927,18752,3,21,2016-11-15,Rotasi
4928,18752,36,21,2019-06-18,Alih Tugas
4929,18755,32,39,1998-02-25,Alih Tugas
4930,18755,18,39,2004-12-28,Rotasi
4931,18768,19,32,2003-02-05,Alih Tugas
4932,18768,35,32,2009-09-04,Alih Tugas
4933,18774,8,14,2029-12-03,Rotasi
4934,18776,25,36,2012-06-06,Rotasi
4935,18787,36,35,2026-01-28,Alih Tugas
4936,18791,7,46,1989-07-07,Rotasi
4937,18791,15,46,1993-02-15,Promosi
4938,18793,16,6,2018-03-09,Promosi
4939,18797,1,23,2007-08-18,Rotasi
4940,18799,10,24,2018-06-12,Promosi
4941,18799,23,24,2023-03-16,Rotasi
4942,18812,4,7,2009-07-08,Rotasi
4943,18812,9,7,2012-09-24,Rotasi
4944,18816,24,16,2009-04-27,Rotasi
4945,18816,43,16,2015-12-07,Promosi
4946,18816,17,16,2020-01-14,Rotasi
4947,18828,7,21,2007-10-25,Rotasi
4948,18831,20,30,2016-02-23,Promosi
4949,18831,35,30,2020-09-16,Rotasi
4950,18832,31,7,2013-07-09,Rotasi
4951,18832,39,7,2019-03-09,Rotasi
4952,18835,21,23,2022-08-27,Promosi
4953,18837,3,34,2008-07-14,Rotasi
4954,18837,20,34,2011-01-05,Rotasi
4955,18837,12,34,2015-09-17,Rotasi
4956,18838,39,26,2007-06-06,Rotasi
4957,18838,4,26,2010-12-28,Alih Tugas
4958,18838,47,26,2016-11-12,Rotasi
4959,18841,29,24,2020-04-25,Promosi
4960,18847,4,34,2026-10-16,Promosi
4961,18858,7,24,2012-04-11,Promosi
4962,18858,14,24,2017-09-28,Alih Tugas
4963,18859,28,39,2009-07-23,Rotasi
4964,18860,21,9,2009-04-11,Rotasi
4965,18860,24,9,2014-09-15,Rotasi
4966,18863,36,22,1990-07-27,Rotasi
4967,18863,3,22,1994-08-05,Rotasi
4968,18868,41,23,2009-09-13,Rotasi
4969,18868,16,23,2015-11-10,Promosi
4970,18868,40,23,2019-06-11,Rotasi
4971,18871,35,19,2015-12-19,Rotasi
4972,18877,46,40,2008-07-03,Rotasi
4973,18880,42,18,2009-03-04,Promosi
4974,18883,32,29,1993-04-25,Rotasi
4975,18885,36,26,2002-01-04,Alih Tugas
4976,18885,12,26,2007-01-07,Promosi
4977,18885,33,26,2013-08-25,Rotasi
4978,18886,45,25,2011-03-01,Rotasi
4979,18886,32,25,2017-06-12,Rotasi
4980,18891,47,46,2014-06-15,Alih Tugas
4981,18891,26,46,2017-11-15,Rotasi
4982,18897,2,36,2007-07-22,Alih Tugas
4983,18897,37,36,2013-06-11,Promosi
4984,18897,43,36,2016-03-17,Alih Tugas
4985,18901,10,21,2005-09-13,Rotasi
4986,18901,44,21,2011-10-12,Promosi
4987,18901,35,21,2014-06-07,Rotasi
4988,18913,37,30,2027-11-25,Promosi
4989,18916,33,38,1997-11-13,Promosi
4990,18916,47,38,2000-06-27,Promosi
4991,18916,19,38,2005-11-28,Promosi
4992,18925,29,17,2001-04-02,Rotasi
4993,18925,2,17,2006-06-11,Promosi
4994,18935,15,25,2027-05-17,Rotasi
4995,18938,31,32,2019-10-07,Rotasi
4996,18944,29,34,2007-01-23,Rotasi
4997,18947,16,24,2000-03-08,Rotasi
4998,18950,25,44,2028-07-16,Alih Tugas
4999,18951,12,42,2019-07-09,Rotasi
5000,18951,24,42,2023-11-21,Rotasi
5001,18954,13,6,2028-02-12,Rotasi
5002,18957,7,2,1997-12-08,Alih Tugas
5003,18957,47,2,2000-04-10,Rotasi
5004,18957,25,2,2006-02-16,Alih Tugas
5005,18958,7,13,2021-07-28,Rotasi
5006,18972,25,18,2020-03-13,Rotasi
5007,18974,38,44,2027-03-08,Rotasi
5008,18976,42,6,2028-10-02,Rotasi
5009,18977,14,9,2022-03-17,Promosi
5010,18978,3,25,2008-08-20,Alih Tugas
5011,18991,33,12,2013-06-18,Rotasi
5012,18998,21,45,2029-03-13,Promosi
5013,19003,19,22,2016-07-15,Rotasi
5014,19004,29,16,1993-12-24,Promosi
5015,19004,27,16,1998-10-21,Rotasi
5016,19004,19,16,2003-01-10,Alih Tugas
5017,19005,27,15,2008-04-07,Rotasi
5018,19005,5,15,2014-04-27,Rotasi
5019,19009,31,32,2004-09-11,Alih Tugas
5020,19010,40,37,2022-07-02,Rotasi
5021,19012,43,15,2012-07-02,Alih Tugas
5022,19012,31,15,2015-08-01,Promosi
5023,19017,40,25,2023-06-21,Promosi
5024,19024,24,28,2018-02-17,Rotasi
5025,19024,26,28,2021-06-03,Promosi
5026,19025,40,24,1994-03-12,Rotasi
5027,19025,13,24,1997-08-05,Alih Tugas
5028,19025,43,24,2000-03-11,Rotasi
5029,19042,3,31,2007-06-21,Alih Tugas
5030,19043,26,47,1999-07-21,Rotasi
5031,19045,33,37,1999-01-01,Rotasi
5032,19045,32,37,2004-08-17,Alih Tugas
5033,19045,39,37,2008-07-04,Alih Tugas
5034,19048,11,1,2022-02-03,Promosi
5035,19050,24,22,2022-02-04,Promosi
5036,19052,24,23,2002-01-17,Rotasi
5037,19052,34,23,2006-08-19,Alih Tugas
5038,19054,4,7,2003-05-10,Promosi
5039,19054,29,7,2007-01-10,Promosi
5040,19067,5,11,2026-03-08,Alih Tugas
5041,19070,35,10,2020-05-12,Rotasi
5042,19074,19,17,2018-05-03,Rotasi
5043,19074,42,17,2021-10-09,Promosi
5044,19078,12,35,2017-03-10,Rotasi
5045,19079,10,22,2017-01-28,Promosi
5046,19083,10,11,2015-02-20,Rotasi
5047,19083,28,11,2018-11-20,Alih Tugas
5048,19087,35,42,2014-11-17,Rotasi
5049,19087,10,42,2017-08-11,Rotasi
5050,19091,40,9,1993-05-17,Alih Tugas
5051,19091,47,9,1997-05-28,Promosi
5052,19092,12,42,2013-10-15,Alih Tugas
5053,19092,11,42,2019-10-12,Promosi
5054,19096,37,39,2008-02-28,Rotasi
5055,19096,26,39,2011-02-05,Rotasi
5056,19096,30,39,2015-07-04,Promosi
5057,19107,27,5,2028-10-22,Promosi
5058,19108,5,7,2003-01-11,Rotasi
5059,19126,23,10,2010-02-01,Promosi
5060,19129,1,13,2022-01-08,Rotasi
5061,19130,24,15,2017-11-21,Promosi
5062,19134,45,9,2003-11-27,Rotasi
5063,19136,27,10,2026-11-27,Rotasi
5064,19141,11,44,2027-02-12,Alih Tugas
5065,19150,35,15,2007-03-03,Rotasi
5066,19150,36,15,2013-05-12,Alih Tugas
5067,19160,24,17,2028-08-12,Alih Tugas
5068,19162,9,44,2004-12-06,Rotasi
5069,19162,3,44,2008-10-25,Rotasi
5070,19162,40,44,2013-01-21,Rotasi
5071,19170,21,12,2024-06-17,Rotasi
5072,19172,39,29,2005-05-04,Rotasi
5073,19172,18,29,2009-07-16,Rotasi
5074,19182,8,25,2009-04-05,Promosi
5075,19183,5,12,2004-08-02,Rotasi
5076,19183,33,12,2010-11-18,Alih Tugas
5077,19183,40,12,2013-04-18,Rotasi
5078,19185,24,17,2010-01-12,Rotasi
5079,19190,20,36,2004-04-07,Rotasi
5080,19190,34,36,2009-02-02,Rotasi
5081,19190,35,36,2013-01-21,Alih Tugas
5082,19192,27,40,2006-06-25,Rotasi
5083,19192,5,40,2012-10-05,Rotasi
5084,19193,31,44,2002-06-06,Promosi
5085,19193,26,44,2006-01-24,Rotasi
5086,19193,25,44,2011-04-03,Rotasi
5087,19195,11,43,1998-01-04,Promosi
5088,19195,11,43,2001-12-01,Rotasi
5089,19195,29,43,2006-10-02,Rotasi
5090,19202,33,47,2012-06-11,Alih Tugas
5091,19202,25,47,2018-07-20,Promosi
5092,19206,19,2,2022-04-17,Rotasi
5093,19225,9,3,2023-04-07,Alih Tugas
5094,19233,15,3,2021-09-06,Rotasi
5095,19235,22,36,2014-12-22,Rotasi
5096,19237,17,3,2023-12-27,Rotasi
5097,19239,34,30,2026-03-04,Rotasi
5098,19240,22,31,2003-06-07,Rotasi
5099,19252,34,15,2023-10-19,Rotasi
5100,19253,25,38,2029-03-06,Rotasi
5101,19264,26,32,1996-08-16,Rotasi
5102,19267,30,42,2022-06-01,Rotasi
5103,19269,33,26,2028-10-23,Rotasi
5104,19271,25,18,2009-11-14,Promosi
5105,19271,36,18,2014-03-04,Rotasi
5106,19272,1,40,1998-07-13,Promosi
5107,19274,23,34,2029-06-25,Rotasi
5108,19281,35,43,1998-06-24,Promosi
5109,19281,8,43,2004-09-09,Rotasi
5110,19281,13,43,2007-08-01,Rotasi
5111,19284,3,42,2026-11-03,Promosi
5112,19300,34,9,2009-05-09,Promosi
5113,19300,35,9,2014-11-17,Rotasi
5114,19304,20,4,2027-02-11,Promosi
5115,19305,47,46,2003-05-19,Promosi
5116,19308,3,1,2021-08-04,Alih Tugas
5117,19320,47,11,2003-01-25,Promosi
5118,19320,32,11,2006-11-13,Alih Tugas
5119,19320,42,11,2011-10-10,Rotasi
5120,19324,25,19,2029-05-18,Promosi
5121,19330,35,32,2008-01-02,Rotasi
5122,19330,29,32,2014-02-14,Rotasi
5123,19330,30,32,2018-10-09,Alih Tugas
5124,19331,6,24,2018-01-23,Rotasi
5125,19331,18,24,2023-01-13,Alih Tugas
5126,19338,35,23,2007-09-11,Rotasi
5127,19350,28,35,2013-05-03,Rotasi
5128,19352,35,31,2019-03-10,Rotasi
5129,19357,29,6,1996-09-24,Rotasi
5130,19357,42,6,2001-12-08,Alih Tugas
5131,19367,41,33,2002-03-02,Alih Tugas
5132,19367,12,33,2005-01-10,Rotasi
5133,19373,36,13,2027-03-01,Rotasi
5134,19374,8,15,2000-11-23,Rotasi
5135,19375,26,19,2027-09-25,Rotasi
5136,19381,4,26,2019-08-04,Rotasi
5137,19381,31,26,2024-05-02,Promosi
5138,19382,13,12,2016-11-05,Promosi
5139,19382,38,12,2022-08-27,Alih Tugas
5140,19385,19,5,2007-08-04,Rotasi
5141,19385,35,5,2013-03-03,Rotasi
5142,19396,11,42,2027-09-15,Rotasi
5143,19403,14,2,2025-03-15,Alih Tugas
5144,19409,38,5,2011-10-03,Promosi
5145,19410,23,34,2024-07-21,Alih Tugas
5146,19413,2,35,2029-04-14,Promosi
5147,19416,4,21,2006-11-18,Rotasi
5148,19420,9,27,2009-04-17,Rotasi
5149,19420,30,27,2015-10-12,Rotasi
5150,19420,19,27,2020-11-09,Promosi
5151,19422,47,26,2028-12-26,Alih Tugas
5152,19438,30,40,2004-06-09,Promosi
5153,19438,46,40,2007-02-22,Rotasi
5154,19447,37,5,2019-06-07,Rotasi
5155,19460,21,32,1996-03-10,Rotasi
5156,19460,20,32,1999-07-13,Rotasi
5157,19462,21,6,2026-01-11,Rotasi
5158,19466,44,8,2005-01-05,Alih Tugas
5159,19466,9,8,2008-03-01,Rotasi
5160,19472,6,44,2026-01-18,Promosi
5161,19473,42,13,2029-01-26,Rotasi
5162,19478,19,12,2002-03-22,Alih Tugas
5163,19478,30,12,2008-09-17,Promosi
5164,19488,27,8,2023-12-28,Alih Tugas
5165,19491,27,39,2012-02-27,Promosi
5166,19492,43,39,2009-12-12,Alih Tugas
5167,19493,41,47,2005-11-26,Rotasi
5168,19496,28,22,2026-06-06,Rotasi
5169,19500,42,4,2003-04-28,Alih Tugas
5170,19500,19,4,2008-01-25,Alih Tugas
5171,19508,44,38,2016-02-08,Alih Tugas
5172,19508,10,38,2020-10-16,Rotasi
5173,19523,18,6,2000-09-17,Rotasi
5174,19523,28,6,2005-02-18,Promosi
5175,19523,2,6,2009-09-06,Alih Tugas
5176,19524,8,39,2009-04-21,Promosi
5177,19524,26,39,2014-06-15,Alih Tugas
5178,19529,41,35,2025-03-26,Rotasi
5179,19536,42,19,2000-10-25,Promosi
5180,19536,41,19,2005-05-20,Rotasi
5181,19542,38,25,2000-02-16,Promosi
5182,19542,26,25,2005-05-04,Rotasi
5183,19550,6,3,2012-09-22,Rotasi
5184,19552,23,18,2015-03-19,Rotasi
5185,19552,5,18,2020-11-12,Rotasi
5186,19556,46,20,2027-06-24,Rotasi
5187,19558,35,17,2020-04-26,Rotasi
5188,19571,47,24,2008-04-07,Promosi
5189,19571,37,24,2012-01-17,Rotasi
5190,19572,2,41,2014-12-07,Rotasi
5191,19579,43,15,2000-12-12,Rotasi
5192,19579,29,15,2003-05-15,Promosi
5193,19585,26,4,2010-04-21,Rotasi
5194,19589,29,25,2022-07-03,Alih Tugas
5195,19591,13,14,1997-04-21,Rotasi
5196,19591,13,14,2001-07-04,Alih Tugas
5197,19591,15,14,2006-11-03,Alih Tugas
5198,19602,26,35,2028-01-11,Alih Tugas
5199,19604,7,17,2012-03-06,Rotasi
5200,19604,18,17,2017-11-19,Rotasi
5201,19614,46,20,2029-12-07,Rotasi
5202,19615,23,22,2002-10-12,Rotasi
5203,19617,3,47,2026-04-07,Rotasi
5204,19619,5,27,2005-03-04,Promosi
5205,19619,23,27,2008-08-14,Rotasi
5206,19619,39,27,2013-09-03,Alih Tugas
5207,19621,19,47,2018-09-08,Rotasi
5208,19621,19,47,2022-08-09,Promosi
5209,19623,43,39,2022-12-14,Promosi
5210,19627,15,28,2023-08-22,Alih Tugas
5211,19632,4,9,2025-11-19,Alih Tugas
5212,19637,4,36,2023-11-08,Alih Tugas
5213,19641,15,30,2029-03-17,Alih Tugas
5214,19642,33,30,1998-03-24,Promosi
5215,19642,2,30,2003-01-01,Promosi
5216,19642,20,30,2007-11-05,Rotasi
5217,19650,21,36,2014-03-16,Alih Tugas
5218,19653,25,35,2015-05-02,Rotasi
5219,19654,11,32,2002-09-26,Promosi
5220,19655,26,32,2027-12-18,Promosi
5221,19656,42,1,2011-03-13,Rotasi
5222,19663,32,4,2001-12-24,Promosi
5223,19663,27,4,2005-09-08,Rotasi
5224,19664,24,19,2027-04-07,Rotasi
5225,19674,7,12,2011-03-24,Rotasi
5226,19677,16,9,2020-06-21,Rotasi
5227,19678,26,39,2023-09-06,Rotasi
5228,19685,1,31,2017-12-09,Alih Tugas
5229,19685,21,31,2020-03-19,Rotasi
5230,19693,35,25,2000-11-17,Rotasi
5231,19693,28,25,2005-06-09,Rotasi
5232,19718,47,27,2008-05-15,Rotasi
5233,19718,14,27,2014-11-08,Rotasi
5234,19719,22,17,2015-02-16,Rotasi
5235,19719,42,17,2020-03-04,Alih Tugas
5236,19721,40,2,2024-08-05,Rotasi
5237,19731,22,4,2007-10-25,Alih Tugas
5238,19731,28,4,2013-07-05,Rotasi
5239,19731,46,4,2016-07-28,Rotasi
5240,19742,37,45,2015-10-03,Rotasi
5241,19753,13,21,2026-02-09,Alih Tugas
5242,19766,30,26,2007-08-21,Rotasi
5243,19766,32,26,2012-07-08,Rotasi
5244,19774,3,20,2013-01-22,Rotasi
5245,19777,27,38,1991-06-07,Alih Tugas
5246,19780,41,36,1994-06-07,Rotasi
5247,19780,47,36,1999-11-15,Rotasi
5248,19780,31,36,2002-06-24,Promosi
5249,19787,5,43,1995-06-07,Promosi
5250,19787,18,43,1998-10-01,Rotasi
5251,19791,30,43,2000-06-08,Rotasi
5252,19791,33,43,2006-04-19,Promosi
5253,19792,43,23,2018-03-09,Promosi
5254,19794,9,21,2018-09-27,Promosi
5255,19795,41,25,2006-07-04,Alih Tugas
5256,19795,15,25,2012-01-25,Alih Tugas
5257,19796,21,40,2025-02-12,Promosi
5258,19822,5,15,2004-01-16,Promosi
5259,19829,20,34,2029-01-15,Rotasi
5260,19838,25,10,2006-07-11,Alih Tugas
5261,19838,21,10,2010-05-26,Promosi
5262,19838,19,10,2016-04-09,Rotasi
5263,19842,38,5,1998-12-11,Promosi
5264,19843,28,1,2016-09-08,Promosi
5265,19843,10,1,2019-02-28,Rotasi
5266,19849,34,24,2009-06-26,Rotasi
5267,19849,14,24,2012-09-12,Alih Tugas
5268,19849,32,24,2018-03-02,Rotasi
5269,19851,44,31,2008-04-17,Rotasi
5270,19851,28,31,2011-08-16,Rotasi
5271,19855,47,8,2014-02-05,Rotasi
5272,19855,11,8,2019-02-08,Rotasi
5273,19858,31,24,2026-01-23,Promosi
5274,19863,28,29,2004-08-15,Promosi
5275,19863,4,29,2008-12-09,Rotasi
5276,19863,38,29,2014-11-15,Promosi
5277,19864,27,12,2028-02-16,Promosi
5278,19885,27,43,2015-05-07,Promosi
5279,19888,19,29,2011-02-25,Promosi
5280,19888,36,29,2017-10-06,Rotasi
5281,19919,37,25,2019-01-25,Promosi
5282,19919,15,25,2024-03-04,Alih Tugas
5283,19928,33,32,1997-08-15,Rotasi
5284,19928,1,32,2000-03-20,Rotasi
5285,19930,37,20,2006-04-27,Rotasi
5286,19930,24,20,2010-06-04,Rotasi
5287,19930,37,20,2013-03-19,Alih Tugas
5288,19931,47,26,2003-04-26,Promosi
5289,19931,47,26,2006-01-08,Promosi
5290,19931,14,26,2012-04-14,Promosi
5291,19940,27,4,2029-09-10,Rotasi
5292,19941,7,17,2003-02-22,Alih Tugas
5293,19941,36,17,2009-09-21,Promosi
5294,19944,47,46,2020-08-11,Rotasi
5295,19948,40,27,2024-08-23,Rotasi
5296,19969,22,23,2029-08-02,Rotasi
5297,19972,11,4,2017-11-08,Promosi
5298,19972,17,4,2020-01-26,Promosi
5299,19975,4,35,2025-06-19,Alih Tugas
5300,19976,19,37,2021-05-05,Rotasi
5301,19977,25,20,2002-11-24,Rotasi
5302,19983,37,3,2021-06-10,Rotasi
5303,19987,3,43,2006-06-21,Rotasi
5304,19987,39,43,2010-10-25,Promosi
5305,20004,37,11,2019-03-12,Rotasi
5306,20004,21,11,2024-01-27,Alih Tugas
5307,20006,34,45,2028-07-10,Alih Tugas
5308,20011,33,15,2025-04-06,Rotasi
5309,20012,7,9,2006-11-09,Rotasi
5310,20012,8,9,2011-08-14,Rotasi
5311,20012,31,9,2015-10-02,Promosi
5312,20014,35,12,2015-10-18,Alih Tugas
5313,20019,16,41,2005-04-10,Alih Tugas
5314,20019,23,41,2011-02-25,Rotasi
5315,20021,29,16,2017-11-12,Promosi
5316,20021,4,16,2021-03-09,Promosi
5317,20030,6,45,2007-11-09,Promosi
5318,20049,8,14,2009-04-07,Rotasi
5319,20050,1,28,2016-07-03,Promosi
5320,20050,39,28,2022-03-03,Rotasi
5321,20062,39,36,2026-06-08,Rotasi
5322,20073,29,8,1996-08-12,Rotasi
5323,20074,8,39,2008-07-23,Rotasi
5324,20075,31,40,2015-10-12,Rotasi
5325,20076,30,27,2017-02-18,Promosi
5326,20086,43,10,2018-01-27,Rotasi
5327,20086,18,10,2023-08-16,Rotasi
5328,20095,38,47,2006-11-16,Rotasi
5329,20095,29,47,2010-01-19,Rotasi
5330,20095,9,47,2013-04-11,Alih Tugas
5331,20123,35,43,2007-06-05,Promosi
5332,20123,35,43,2013-04-16,Promosi
5333,20123,26,43,2018-07-06,Rotasi
5334,20127,34,45,2002-01-15,Alih Tugas
5335,20127,41,45,2008-10-23,Promosi
5336,20133,14,41,2018-12-17,Rotasi
5337,20133,23,41,2021-06-20,Rotasi
5338,20137,9,17,2022-01-08,Promosi
5339,20138,31,3,2028-11-12,Alih Tugas
5340,20141,43,23,2023-08-17,Alih Tugas
5341,20143,20,6,2007-09-07,Promosi
5342,20143,1,6,2010-10-04,Promosi
5343,20153,31,14,2013-02-02,Rotasi
5344,20154,26,12,2006-07-11,Rotasi
5345,20154,19,12,2010-03-21,Rotasi
5346,20170,3,25,2027-11-08,Rotasi
5347,20177,37,12,2023-10-17,Rotasi
5348,20180,10,23,2022-09-01,Promosi
5349,20182,5,19,2007-05-07,Promosi
5350,20182,26,19,2012-06-23,Promosi
5351,20184,35,37,2006-12-16,Rotasi
5352,20184,12,37,2009-10-28,Alih Tugas
5353,20186,12,19,2003-10-21,Alih Tugas
5354,20186,31,19,2009-07-05,Promosi
5355,20191,21,5,2013-05-15,Rotasi
5356,20191,31,5,2016-01-24,Rotasi
5357,20199,34,4,2027-06-14,Promosi
5358,20207,3,18,2028-11-02,Promosi
5359,20223,16,26,2027-01-23,Alih Tugas
5360,20225,15,35,2023-07-01,Rotasi
5361,20226,4,36,2011-10-25,Promosi
5362,20229,9,28,2009-06-22,Rotasi
5363,20229,6,28,2015-10-06,Alih Tugas
5364,20229,15,28,2021-04-12,Rotasi
5365,20241,43,28,2013-06-16,Promosi
5366,20241,23,28,2018-12-16,Rotasi
5367,20248,30,36,1995-03-16,Rotasi
5368,20251,45,15,2016-09-09,Rotasi
5369,20251,38,15,2022-01-12,Promosi
5370,20257,16,23,2023-10-28,Alih Tugas
5371,20261,17,45,2011-08-04,Promosi
5372,20263,27,30,1998-06-09,Rotasi
5373,20263,44,30,2004-07-18,Alih Tugas
5374,20263,12,30,2009-07-15,Promosi
5375,20269,10,8,2009-02-02,Rotasi
5376,20269,22,8,2012-05-16,Rotasi
5377,20281,16,1,2005-08-21,Alih Tugas
5378,20281,36,1,2010-07-19,Rotasi
5379,20281,23,1,2015-05-17,Rotasi
5380,20282,19,41,2022-08-04,Rotasi
5381,20283,10,41,2026-03-27,Rotasi
5382,20286,9,12,2023-12-12,Promosi
5383,20288,30,11,1992-01-07,Alih Tugas
5384,20288,10,11,1998-09-07,Promosi
5385,20288,31,11,2003-12-14,Promosi
5386,20300,20,22,1999-01-14,Rotasi
5387,20300,17,22,2002-01-03,Alih Tugas
5388,20302,18,35,2017-11-01,Promosi
5389,20302,17,35,2020-06-16,Rotasi
5390,20305,33,15,1994-02-22,Rotasi
5391,20310,5,39,1995-01-01,Promosi
5392,20310,6,39,1998-04-18,Rotasi
5393,20310,45,39,2004-11-23,Rotasi
5394,20313,43,15,2013-04-01,Rotasi
5395,20328,30,47,2006-12-10,Promosi
5396,20332,40,13,2006-05-02,Rotasi
5397,20332,31,13,2012-03-14,Alih Tugas
5398,20332,35,13,2016-04-23,Alih Tugas
5399,20335,29,15,2008-01-01,Alih Tugas
5400,20337,7,34,2018-01-01,Rotasi
5401,20338,16,11,2006-04-23,Rotasi
5402,20338,8,11,2012-06-06,Promosi
5403,20351,34,37,2016-01-13,Rotasi
5404,20351,41,37,2022-08-15,Promosi
5405,20354,36,46,2009-05-16,Promosi
5406,20368,32,33,2007-06-09,Promosi
5407,20368,38,33,2010-02-22,Rotasi
5408,20372,18,15,2012-09-23,Promosi
5409,20372,23,15,2018-01-13,Rotasi
5410,20379,12,20,2021-08-08,Promosi
5411,20390,10,46,2012-09-26,Promosi
5412,20397,38,43,2025-06-23,Rotasi
5413,20406,13,5,2014-07-14,Rotasi
5414,20410,37,36,2024-11-14,Rotasi
5415,20414,35,13,2029-07-25,Promosi
5416,20415,2,35,2018-06-02,Rotasi
5417,20415,7,35,2022-06-20,Rotasi
5418,20427,13,34,2004-02-20,Rotasi
5419,20427,3,34,2008-08-25,Rotasi
5420,20437,34,40,2015-07-14,Rotasi
5421,20439,37,1,2016-04-15,Rotasi
5422,20439,47,1,2021-05-09,Rotasi
5423,20457,46,40,2023-06-04,Promosi
5424,20462,24,40,2019-07-06,Promosi
5425,20462,41,40,2022-01-23,Promosi
5426,20467,10,27,2006-11-25,Rotasi
5427,20469,6,10,2006-01-19,Rotasi
5428,20469,33,10,2012-03-12,Promosi
5429,20476,38,25,2013-09-16,Rotasi
5430,20481,25,10,2005-09-08,Alih Tugas
5431,20481,32,10,2011-03-20,Rotasi
5432,20482,5,9,2014-02-07,Rotasi
5433,20485,8,29,2007-04-28,Rotasi
5434,20485,6,29,2012-03-15,Rotasi
5435,20485,6,29,2018-11-06,Rotasi
5436,20486,5,2,2006-06-28,Promosi
5437,20488,38,10,2025-05-16,Rotasi
5438,20492,27,28,2007-10-19,Rotasi
5439,20492,24,28,2011-12-08,Alih Tugas
5440,20496,22,26,2015-07-24,Rotasi
5441,20496,36,26,2020-10-19,Rotasi
5442,20510,31,32,2007-03-06,Promosi
5443,20510,39,32,2013-11-02,Rotasi
5444,20511,11,5,2012-08-10,Promosi
5445,20511,34,5,2016-05-10,Rotasi
5446,20514,45,40,2025-09-23,Rotasi
5447,20516,46,35,2017-09-21,Promosi
5448,20516,33,35,2020-03-04,Rotasi
5449,20518,36,37,2006-05-21,Rotasi
5450,20518,44,37,2011-05-02,Rotasi
5451,20518,47,37,2016-12-24,Promosi
5452,20519,23,3,2016-01-05,Rotasi
5453,20519,26,3,2019-07-02,Alih Tugas
5454,20520,32,9,2020-05-16,Rotasi
5455,20536,5,14,2012-07-07,Rotasi
5456,20539,32,15,2008-11-04,Alih Tugas
5457,20540,36,26,2025-07-18,Rotasi
5458,20542,19,13,2020-07-10,Alih Tugas
5459,20549,2,32,2005-12-01,Alih Tugas
5460,20549,35,32,2010-09-08,Rotasi
5461,20557,6,25,2019-02-15,Rotasi
5462,20557,8,25,2022-11-12,Promosi
5463,20558,40,8,2020-07-19,Alih Tugas
5464,20559,34,35,2023-01-26,Promosi
5465,20562,33,30,2019-07-09,Alih Tugas
5466,20562,39,30,2022-12-18,Promosi
5467,20563,8,34,2018-12-16,Alih Tugas
5468,20584,43,7,2028-01-08,Alih Tugas
5469,20589,24,42,2028-10-13,Rotasi
5470,20596,18,45,2011-01-06,Promosi
5471,20601,32,29,2011-11-02,Rotasi
5472,20601,21,29,2016-11-21,Rotasi
5473,20606,29,1,2026-08-04,Promosi
5474,20610,21,41,2025-06-22,Alih Tugas
5475,20613,24,33,2027-09-03,Rotasi
5476,20614,45,34,1991-11-14,Promosi
5477,20615,22,25,1995-06-04,Rotasi
5478,20627,6,10,1998-04-25,Rotasi
5479,20627,37,10,2004-10-15,Rotasi
5480,20627,22,10,2008-01-13,Alih Tugas
5481,20630,3,41,2003-05-15,Alih Tugas
5482,20630,46,41,2009-10-23,Rotasi
5483,20648,37,44,2013-03-26,Rotasi
5484,20651,13,29,2009-02-14,Rotasi
5485,20651,38,29,2013-10-20,Rotasi
5486,20651,11,29,2017-01-01,Rotasi
5487,20652,39,3,2028-02-26,Rotasi
5488,20662,47,33,2024-09-24,Rotasi
5489,20663,28,42,2028-07-08,Rotasi
5490,20666,44,38,2010-08-17,Rotasi
5491,20670,43,15,1988-10-04,Alih Tugas
5492,20670,44,15,1992-11-28,Rotasi
5493,20670,21,15,1997-10-11,Promosi
5494,20695,27,26,2010-11-15,Rotasi
5495,20695,10,26,2013-04-15,Promosi
5496,20705,29,26,2012-01-25,Rotasi
5497,20705,8,26,2018-08-07,Rotasi
5498,20706,33,24,2009-01-09,Alih Tugas
5499,20712,4,33,2015-10-08,Rotasi
5500,20712,44,33,2018-12-17,Alih Tugas
5501,20713,25,28,2016-07-17,Rotasi
5502,20714,29,46,2021-07-22,Rotasi
5503,20720,38,25,2028-02-24,Rotasi
5504,20731,17,39,2006-03-21,Rotasi
5505,20731,17,39,2010-10-18,Promosi
5506,20731,29,39,2014-06-12,Promosi
5507,20733,10,21,2024-06-17,Rotasi
5508,20734,22,1,2009-06-14,Rotasi
5509,20734,25,1,2014-04-23,Promosi
5510,20740,14,39,2002-11-08,Alih Tugas
5511,20740,19,39,2005-08-04,Rotasi
5512,20742,42,36,2021-11-18,Rotasi
5513,20743,44,16,2018-09-07,Rotasi
5514,20743,6,16,2024-12-12,Rotasi
5515,20751,15,42,2014-08-01,Rotasi
5516,20764,9,23,2012-04-18,Promosi
5517,20764,13,23,2017-12-20,Rotasi
5518,20766,20,25,2007-12-03,Rotasi
5519,20766,2,25,2013-12-05,Rotasi
5520,20772,19,46,2022-03-01,Promosi
5521,20778,16,5,2015-12-16,Rotasi
5522,20779,19,37,2025-04-20,Rotasi
5523,20791,43,45,2014-05-11,Rotasi
5524,20793,27,10,2017-09-07,Rotasi
5525,20793,14,10,2020-09-23,Rotasi
5526,20798,32,24,2009-12-04,Promosi
5527,20798,17,24,2014-02-12,Promosi
5528,20808,15,14,2018-12-27,Promosi
5529,20808,33,14,2021-10-28,Alih Tugas
5530,20815,37,34,2002-07-07,Rotasi
5531,20818,45,24,2007-11-18,Rotasi
5532,20818,28,24,2013-12-06,Rotasi
5533,20823,44,3,2012-02-04,Alih Tugas
5534,20827,19,8,2003-03-12,Promosi
5535,20827,24,8,2006-04-26,Rotasi
5536,20834,19,11,1996-05-21,Alih Tugas
5537,20838,15,47,2027-08-01,Rotasi
5538,20841,36,1,2008-08-13,Rotasi
5539,20841,21,1,2014-03-03,Rotasi
5540,20841,43,1,2018-10-11,Rotasi
5541,20842,41,28,2015-02-02,Rotasi
5542,20842,6,28,2019-09-03,Promosi
5543,20848,11,42,1998-05-09,Rotasi
5544,20848,2,42,2001-07-11,Alih Tugas
5545,20848,38,42,2004-07-28,Rotasi
5546,20868,3,33,2019-09-28,Promosi
5547,20872,36,29,2012-06-04,Promosi
5548,20882,36,13,2024-06-11,Alih Tugas
5549,20896,44,13,2013-04-14,Alih Tugas
5550,20897,45,32,2000-11-22,Rotasi
5551,20897,17,32,2004-05-01,Rotasi
5552,20911,32,29,2004-03-26,Rotasi
5553,20911,33,29,2010-02-04,Rotasi
5554,20911,9,29,2014-01-28,Alih Tugas
5555,20915,34,38,2016-08-25,Promosi
5556,20918,41,39,2023-10-05,Rotasi
5557,20920,12,36,2020-07-18,Promosi
5558,20931,2,11,2007-12-03,Rotasi
5559,20936,44,10,2014-04-26,Rotasi
5560,20936,9,10,2020-01-10,Rotasi
5561,20940,33,18,2004-02-28,Rotasi
5562,20940,36,18,2010-09-20,Promosi
5563,20947,43,36,2029-12-16,Alih Tugas
5564,20954,29,12,2016-04-17,Rotasi
5565,20957,8,22,2011-11-22,Rotasi
5566,20961,44,4,2018-02-08,Promosi
5567,20968,29,26,2013-07-24,Rotasi
5568,20973,12,21,2018-08-10,Alih Tugas
5569,20973,15,21,2021-04-21,Promosi
5570,20974,14,23,2014-06-07,Rotasi
5571,20978,33,16,2004-05-07,Promosi
5572,20978,27,16,2007-11-26,Rotasi
5573,20981,19,23,2015-11-01,Rotasi
5574,20983,31,33,2005-08-11,Rotasi
5575,20989,47,3,2018-07-25,Alih Tugas
5576,21000,12,31,2029-02-24,Rotasi
5577,21010,23,12,2013-02-09,Alih Tugas
5578,21010,17,12,2018-02-11,Rotasi
5579,21017,47,27,2026-03-18,Rotasi
5580,21023,9,35,2007-09-12,Promosi
5581,21023,41,35,2010-12-09,Promosi
5582,21029,19,47,2017-05-09,Rotasi
5583,21029,5,47,2022-12-16,Rotasi
5584,21031,21,7,2000-12-21,Rotasi
5585,21038,44,9,2023-01-25,Alih Tugas
5586,21043,42,43,2009-01-20,Rotasi
5587,21045,37,10,1994-03-07,Alih Tugas
5588,21045,29,10,1997-04-11,Rotasi
5589,21046,32,36,2011-03-10,Rotasi
5590,21046,39,36,2015-11-13,Promosi
5591,21049,6,38,2024-01-11,Rotasi
5592,21058,24,14,2019-09-03,Rotasi
5593,21062,12,46,2023-07-07,Rotasi
5594,21063,23,9,2007-01-06,Promosi
5595,21065,28,17,2018-01-08,Rotasi
5596,21065,12,17,2024-12-28,Rotasi
5597,21070,3,38,2023-11-07,Rotasi
5598,21073,34,39,2017-09-13,Promosi
5599,21078,16,15,2021-10-28,Rotasi
5600,21080,10,21,2008-10-01,Promosi
5601,21080,30,21,2013-03-22,Rotasi
5602,21086,32,22,2029-07-20,Rotasi
5603,21088,41,2,2003-05-01,Promosi
5604,21088,26,2,2006-01-28,Alih Tugas
5605,21088,20,2,2010-06-04,Promosi
5606,21092,43,41,2025-06-07,Rotasi
5607,21096,16,19,2009-01-15,Promosi
5608,21102,28,6,2007-01-07,Promosi
5609,21102,26,6,2010-10-12,Rotasi
5610,21102,1,6,2014-03-04,Rotasi
5611,21104,36,44,2005-09-26,Rotasi
5612,21117,9,47,1999-07-16,Alih Tugas
5613,21117,3,47,2004-10-21,Alih Tugas
5614,21117,42,47,2007-01-18,Rotasi
5615,21123,32,22,2027-05-23,Rotasi
5616,21126,17,13,2001-09-04,Rotasi
5617,21126,30,13,2005-02-28,Rotasi
5618,21126,31,13,2008-09-11,Promosi
5619,21132,29,24,2023-12-27,Alih Tugas
5620,21137,47,1,2019-07-16,Rotasi
5621,21138,47,28,2028-08-18,Rotasi
5622,21160,24,5,2013-08-05,Rotasi
5623,21160,42,5,2019-03-06,Rotasi
5624,21161,1,33,2026-08-23,Promosi
5625,21164,6,44,2006-12-24,Rotasi
5626,21164,37,44,2010-04-15,Alih Tugas
5627,21176,1,2,2021-07-15,Promosi
5628,21177,7,27,2017-03-08,Rotasi
5629,21177,29,27,2020-12-19,Alih Tugas
5630,21186,21,18,2017-02-26,Rotasi
5631,21188,31,25,2009-10-21,Promosi
5632,21188,47,25,2014-10-22,Rotasi
5633,21192,42,7,2012-01-11,Alih Tugas
5634,21193,24,36,2000-01-06,Rotasi
5635,21193,22,36,2003-04-02,Rotasi
5636,21193,19,36,2007-01-15,Promosi
5637,21198,30,45,2002-06-23,Rotasi
5638,21198,2,45,2008-06-02,Rotasi
5639,21198,15,45,2012-02-21,Alih Tugas
5640,21215,15,26,2013-03-14,Rotasi
5641,21215,23,26,2019-03-10,Promosi
5642,21220,21,1,2010-05-16,Rotasi
5643,21220,13,1,2014-01-28,Rotasi
5644,21223,45,24,2022-11-05,Rotasi
5645,21224,27,1,2007-01-28,Rotasi
5646,21224,13,1,2011-01-18,Promosi
5647,21224,32,1,2017-12-27,Rotasi
5648,21226,29,36,2025-08-18,Promosi
5649,21230,30,44,2005-10-28,Rotasi
5650,21233,15,11,1998-11-07,Promosi
5651,21233,1,11,2002-12-23,Rotasi
5652,21237,26,33,2023-11-11,Promosi
5653,21240,33,29,2018-10-20,Promosi
5654,21242,3,27,2025-04-03,Alih Tugas
5655,21256,45,8,2024-01-11,Rotasi
5656,21257,34,16,2002-12-16,Rotasi
5657,21257,25,16,2005-09-04,Rotasi
5658,21265,45,8,2013-09-18,Promosi
5659,21265,41,8,2018-02-02,Rotasi
5660,21267,13,45,2028-06-09,Alih Tugas
5661,21275,17,42,2026-02-06,Rotasi
5662,21278,37,11,2002-03-28,Rotasi
5663,21285,32,31,2012-01-18,Rotasi
5664,21293,22,25,2018-05-05,Alih Tugas
5665,21298,13,18,2022-03-25,Rotasi
5666,21300,19,44,2008-12-24,Rotasi
5667,21300,43,44,2014-01-10,Promosi
5668,21300,40,44,2020-03-20,Alih Tugas
5669,21307,27,47,2012-08-19,Promosi
5670,21317,6,21,2015-10-11,Rotasi
5671,21317,11,21,2021-01-01,Promosi
5672,21321,12,24,2008-05-27,Alih Tugas
5673,21321,35,24,2012-12-18,Promosi
5674,21322,44,7,2013-11-02,Rotasi
5675,21327,36,28,2013-05-28,Rotasi
5676,21332,17,43,2028-02-26,Rotasi
5677,21345,2,34,2026-06-11,Rotasi
5678,21348,14,2,2010-05-08,Alih Tugas
5679,21348,16,2,2016-10-19,Alih Tugas
5680,21358,28,22,2002-10-08,Rotasi
5681,21358,25,22,2008-10-02,Alih Tugas
5682,21374,33,25,2023-05-19,Rotasi
5683,21376,39,32,2019-05-04,Rotasi
5684,21378,32,30,2000-10-06,Alih Tugas
5685,21378,23,30,2005-02-18,Rotasi
5686,21378,3,30,2010-03-09,Rotasi
5687,21379,41,45,2025-01-12,Alih Tugas
5688,21380,2,26,2026-05-12,Promosi
5689,21388,6,4,2021-06-14,Rotasi
5690,21393,24,21,1994-07-27,Rotasi
5691,21393,11,21,1998-10-17,Rotasi
5692,21402,9,6,2028-03-04,Rotasi
5693,21406,8,44,2002-02-07,Promosi
5694,21406,24,44,2008-01-21,Promosi
5695,21406,40,44,2012-01-27,Rotasi
5696,21408,12,30,2025-06-19,Rotasi
5697,21435,43,28,2002-01-03,Rotasi
5698,21435,6,28,2005-12-24,Rotasi
5699,21435,27,28,2008-11-19,Alih Tugas
5700,21438,1,46,2001-10-08,Promosi
5701,21438,12,46,2007-06-23,Rotasi
5702,21441,47,22,2023-07-17,Promosi
5703,21445,25,45,2006-05-22,Rotasi
5704,21453,33,29,2028-02-06,Rotasi
5705,21456,19,15,1996-09-01,Rotasi
5706,21457,5,11,2005-02-18,Rotasi
5707,21457,22,11,2010-08-25,Promosi
5708,21461,5,22,2014-05-26,Rotasi
5709,21461,33,22,2020-10-08,Promosi
5710,21478,22,10,2012-02-28,Rotasi
5711,21478,40,10,2015-09-20,Promosi
5712,21498,9,14,2018-12-25,Rotasi
5713,21501,32,17,2024-07-21,Rotasi
5714,21503,9,35,2011-03-28,Rotasi
5715,21504,19,29,2018-03-17,Rotasi
5716,21511,14,41,2018-09-10,Promosi
5717,21521,2,12,2021-03-25,Promosi
5718,21530,24,1,2012-01-22,Rotasi
5719,21530,23,1,2015-10-15,Alih Tugas
5720,21534,27,10,1994-03-01,Rotasi
5721,21534,31,10,1997-02-14,Rotasi
5722,21548,2,41,1996-08-18,Promosi
5723,21548,19,41,1999-12-04,Alih Tugas
5724,21548,15,41,2003-03-11,Promosi
5725,21549,3,36,2017-02-11,Promosi
5726,21560,41,28,2028-02-09,Promosi
5727,21569,4,40,2022-04-01,Promosi
5728,21580,45,19,2016-03-28,Promosi
5729,21581,27,4,2018-10-06,Rotasi
5730,21583,3,25,2027-02-05,Promosi
5731,21587,35,19,2029-07-18,Alih Tugas
5732,21595,13,12,2008-05-10,Rotasi
5733,21608,38,14,2020-12-19,Promosi
5734,21613,20,32,2003-02-14,Rotasi
5735,21613,7,32,2009-04-23,Rotasi
5736,21618,31,26,2008-02-21,Rotasi
5737,21618,28,26,2012-06-14,Promosi
5738,21622,13,19,2024-03-27,Rotasi
5739,21634,27,47,1996-07-15,Alih Tugas
5740,21650,6,28,2029-12-26,Alih Tugas
5741,21656,23,36,2014-03-02,Rotasi
5742,21656,47,36,2017-04-24,Rotasi
5743,21658,8,25,2008-07-18,Rotasi
5744,21659,29,13,2024-09-24,Promosi
5745,21664,34,25,2022-09-02,Promosi
5746,21673,28,25,2005-07-08,Promosi
5747,21673,11,25,2010-10-09,Rotasi
5748,21680,26,20,2024-11-16,Rotasi
5749,21682,16,30,2011-11-16,Alih Tugas
5750,21686,10,42,2016-03-18,Alih Tugas
5751,21692,44,8,1994-10-24,Rotasi
5752,21692,28,8,2000-11-20,Alih Tugas
5753,21692,9,8,2003-05-21,Alih Tugas
5754,21694,37,43,2010-03-20,Rotasi
5755,21694,22,43,2013-09-18,Rotasi
5756,21702,10,9,2028-05-26,Rotasi
5757,21704,13,41,1998-02-07,Alih Tugas
5758,21704,45,41,2002-05-28,Rotasi
5759,21719,1,32,1999-08-07,Promosi
5760,21719,36,32,2005-01-22,Rotasi
5761,21725,22,36,2010-09-23,Rotasi
5762,21738,42,36,2025-02-27,Rotasi
5763,21753,23,41,2018-08-13,Alih Tugas
5764,21754,47,6,2000-04-05,Rotasi
5765,21759,35,42,2026-09-05,Alih Tugas
5766,21763,4,47,1989-10-17,Rotasi
5767,21763,39,47,1995-05-17,Rotasi
5768,21763,31,47,1999-10-23,Promosi
5769,21770,35,28,2008-12-20,Promosi
5770,21770,27,28,2011-09-20,Rotasi
5771,21775,22,43,2006-07-13,Promosi
5772,21779,47,20,2016-01-28,Alih Tugas
5773,21782,35,22,2006-06-09,Rotasi
5774,21783,22,20,2010-07-02,Alih Tugas
5775,21783,28,20,2013-06-14,Promosi
5776,21787,25,8,2023-07-27,Promosi
5777,21793,17,23,2006-06-08,Alih Tugas
5778,21793,4,23,2009-06-01,Rotasi
5779,21793,24,23,2012-11-08,Promosi
5780,21794,4,31,2010-09-14,Alih Tugas
5781,21795,11,23,2010-08-21,Alih Tugas
5782,21807,41,21,2024-02-23,Rotasi
5783,21818,23,30,1992-09-08,Alih Tugas
5784,21822,6,15,2022-01-21,Rotasi
5785,21823,24,45,2023-03-22,Promosi
5786,21826,3,23,2017-03-24,Rotasi
5787,21831,1,27,1999-01-20,Rotasi
5788,21831,22,27,2002-01-26,Alih Tugas
5789,21836,46,38,2025-12-09,Promosi
5790,21845,17,9,2006-02-11,Promosi
5791,21853,6,8,2001-12-12,Alih Tugas
5792,21853,19,8,2006-04-25,Rotasi
5793,21854,36,38,2018-09-25,Rotasi
5794,21854,6,38,2023-05-05,Rotasi
5795,21856,19,8,2027-02-19,Rotasi
5796,21865,30,21,2009-06-26,Rotasi
5797,21867,38,24,2021-10-19,Promosi
5798,21878,44,46,2020-10-01,Rotasi
5799,21886,32,26,2015-01-15,Rotasi
5800,21886,42,26,2019-11-09,Promosi
5801,21887,46,35,2001-05-04,Rotasi
5802,21897,13,40,2017-07-27,Alih Tugas
5803,21898,4,27,2002-08-25,Rotasi
5804,21898,25,27,2008-01-11,Promosi
5805,21903,7,33,2018-12-25,Rotasi
5806,21906,24,7,2018-12-06,Promosi
5807,21918,4,5,2024-04-21,Promosi
5808,21927,11,39,2022-12-05,Rotasi
5809,21928,6,1,2027-06-10,Rotasi
5810,21931,23,29,2000-02-06,Alih Tugas
5811,21933,43,19,2004-03-16,Rotasi
5812,21933,1,19,2010-11-03,Promosi
5813,21933,8,19,2016-12-23,Promosi
5814,21937,44,37,2022-11-07,Alih Tugas
5815,21938,9,40,2000-08-02,Alih Tugas
5816,21939,21,38,2008-02-27,Rotasi
5817,21944,34,47,2019-10-16,Alih Tugas
5818,21945,34,13,2023-12-27,Rotasi
5819,21952,4,31,2017-12-02,Rotasi
5820,21955,2,21,2028-08-03,Rotasi
5821,21958,1,13,2016-04-20,Rotasi
5822,21995,24,39,2023-07-01,Rotasi
5823,21999,18,29,2008-09-03,Promosi
5824,21999,32,29,2014-04-20,Promosi
5825,22006,13,2,2025-05-11,Alih Tugas
5826,22008,38,1,2016-01-17,Alih Tugas
5827,22008,22,1,2020-08-16,Promosi
5828,22016,47,9,2001-06-27,Promosi
5829,22016,6,9,2005-04-02,Alih Tugas
5830,22027,45,42,2018-11-22,Alih Tugas
5831,22027,19,42,2024-04-07,Rotasi
5832,22032,11,22,2027-09-23,Rotasi
5833,22035,9,6,2019-10-14,Rotasi
5834,22035,14,6,2024-07-25,Rotasi
5835,22037,9,39,1993-10-17,Promosi
5836,22037,16,39,1999-05-19,Alih Tugas
5837,22037,24,39,2005-01-24,Rotasi
5838,22044,35,40,2001-11-21,Rotasi
5839,22044,5,40,2006-08-10,Alih Tugas
5840,22058,37,6,2021-12-28,Rotasi
5841,22063,3,22,2003-03-09,Rotasi
5842,22063,3,22,2008-02-12,Promosi
5843,22063,1,22,2014-03-22,Promosi
5844,22067,43,7,2000-03-24,Rotasi
5845,22067,31,7,2005-02-01,Rotasi
5846,22067,35,7,2008-08-07,Promosi
5847,22073,21,15,2027-10-04,Rotasi
5848,22074,5,44,2027-07-13,Rotasi
5849,22081,13,31,2010-12-05,Rotasi
5850,22092,12,38,2004-02-15,Alih Tugas
5851,22096,4,15,1992-11-26,Rotasi
5852,22096,43,15,1997-10-03,Rotasi
5853,22096,39,15,2000-02-12,Alih Tugas
5854,22104,12,33,2023-12-06,Alih Tugas
5855,22111,45,42,2004-05-23,Alih Tugas
5856,22121,25,30,2005-05-10,Rotasi
5857,22122,44,15,1996-08-02,Rotasi
5858,22134,45,3,2001-12-11,Rotasi
5859,22134,27,3,2006-08-26,Rotasi
5860,22134,33,3,2010-08-11,Promosi
5861,22141,27,47,2017-04-27,Rotasi
5862,22141,41,47,2023-03-06,Alih Tugas
5863,22147,23,25,2020-12-05,Rotasi
5864,22153,33,37,1994-07-01,Alih Tugas
5865,22153,20,37,1998-01-17,Promosi
5866,22153,25,37,2003-12-10,Promosi
5867,22154,31,27,1994-08-13,Rotasi
5868,22154,43,27,1997-08-07,Rotasi
5869,22155,20,47,2006-01-05,Rotasi
5870,22155,33,47,2011-04-19,Rotasi
5871,22155,6,47,2015-02-06,Alih Tugas
5872,22165,33,38,2026-09-08,Alih Tugas
5873,22171,26,8,2004-07-17,Promosi
5874,22171,32,8,2008-02-20,Promosi
5875,22171,29,8,2014-06-06,Rotasi
5876,22173,27,41,2019-03-04,Rotasi
5877,22173,11,41,2023-09-25,Rotasi
5878,22174,28,2,2004-01-17,Rotasi
5879,22174,19,2,2008-03-14,Promosi
5880,22174,25,2,2011-09-27,Rotasi
5881,22179,29,7,2024-04-12,Rotasi
5882,22185,47,27,2018-02-02,Promosi
5883,22185,17,27,2021-05-05,Alih Tugas
5884,22191,47,4,2008-04-08,Rotasi
5885,22199,19,47,2018-07-07,Alih Tugas
5886,22199,1,47,2024-07-16,Promosi
5887,22200,21,29,2017-02-28,Promosi
5888,22201,19,24,2011-10-09,Rotasi
5889,22213,30,45,2009-02-26,Alih Tugas
5890,22219,12,8,2021-06-02,Rotasi
5891,22221,8,28,2005-06-02,Promosi
5892,22221,45,28,2010-04-05,Rotasi
5893,22223,34,32,2016-04-03,Rotasi
5894,22223,11,32,2019-03-21,Rotasi
5895,22236,46,37,2018-10-13,Rotasi
5896,22236,40,37,2021-11-03,Rotasi
5897,22249,1,42,2008-10-02,Promosi
5898,22249,22,42,2012-09-18,Promosi
5899,22262,4,8,2000-02-16,Rotasi
5900,22262,35,8,2006-01-17,Rotasi
5901,22276,26,23,2014-06-28,Rotasi
5902,22299,13,26,2024-07-05,Rotasi
5903,22304,40,47,2025-09-14,Promosi
5904,22316,30,4,1995-10-25,Alih Tugas
5905,22316,11,4,2000-08-05,Rotasi
5906,22316,10,4,2005-02-17,Alih Tugas
5907,22325,37,20,1999-11-12,Alih Tugas
5908,22342,40,32,1998-10-08,Promosi
5909,22342,46,32,2001-10-11,Rotasi
5910,22344,43,40,2024-12-24,Promosi
5911,22347,46,47,2027-03-14,Rotasi
5912,22358,2,4,2023-04-06,Rotasi
5913,22362,14,44,2009-01-02,Alih Tugas
5914,22362,11,44,2014-10-18,Alih Tugas
5915,22383,9,19,1999-05-06,Rotasi
5916,22383,23,19,2002-06-28,Rotasi
5917,22386,6,16,2017-11-10,Alih Tugas
5918,22387,36,24,2002-09-16,Rotasi
5919,22387,9,24,2006-07-11,Rotasi
5920,22387,8,24,2009-03-21,Rotasi
5921,22388,10,33,2016-12-23,Alih Tugas
5922,22388,25,33,2019-07-09,Promosi
5923,22389,10,6,2008-10-19,Rotasi
5924,22389,39,6,2011-08-13,Promosi
5925,22396,6,44,2004-04-12,Promosi
5926,22396,4,44,2008-06-01,Rotasi
5927,22396,18,44,2011-12-08,Promosi
5928,22401,1,17,2026-06-09,Rotasi
5929,22404,11,25,2011-03-12,Alih Tugas
5930,22404,33,25,2016-02-20,Promosi
5931,22405,9,21,2005-12-06,Rotasi
5932,22410,43,33,2026-11-24,Rotasi
5933,22416,3,14,2003-12-08,Promosi
5934,22416,31,14,2006-08-15,Rotasi
5935,22416,8,14,2011-01-19,Promosi
5936,22417,29,5,2001-04-21,Promosi
5937,22417,7,5,2005-11-15,Rotasi
5938,22421,46,2,2023-08-28,Rotasi
5939,22431,5,33,2025-06-15,Rotasi
5940,22433,10,3,2005-10-25,Promosi
5941,22433,33,3,2009-04-27,Rotasi
5942,22433,39,3,2013-07-08,Rotasi
5943,22438,34,1,2024-04-19,Promosi
5944,22441,3,24,1999-01-10,Promosi
5945,22441,10,24,2004-08-27,Rotasi
5946,22441,2,24,2008-09-11,Alih Tugas
5947,22449,15,26,1999-03-17,Rotasi
5948,22449,20,26,2004-12-04,Rotasi
5949,22469,1,20,2021-02-17,Rotasi
5950,22472,26,20,2005-11-11,Promosi
5951,22472,12,20,2008-02-13,Promosi
5952,22474,46,20,2021-05-21,Rotasi
5953,22475,6,36,2028-11-25,Rotasi
5954,22476,5,31,2016-04-05,Rotasi
5955,22480,39,19,2018-10-21,Promosi
5956,22481,42,47,2002-01-04,Alih Tugas
5957,22481,8,47,2006-04-27,Alih Tugas
5958,22481,37,47,2010-07-11,Rotasi
5959,22485,32,18,1993-02-01,Promosi
5960,22485,20,18,1999-12-16,Rotasi
5961,22502,1,44,2008-10-01,Rotasi
5962,22509,46,36,2009-06-16,Rotasi
5963,22515,46,21,2023-01-03,Promosi
5964,22517,42,33,2002-07-16,Alih Tugas
5965,22517,38,33,2007-06-04,Rotasi
5966,22524,23,31,2029-08-13,Alih Tugas
5967,22525,42,8,1998-12-22,Rotasi
5968,22531,42,34,2027-05-02,Rotasi
5969,22533,24,26,2027-10-16,Rotasi
5970,22537,36,29,2013-11-18,Rotasi
5971,22541,45,2,2017-01-11,Alih Tugas
5972,22541,28,2,2023-07-20,Alih Tugas
5973,22542,13,3,2006-01-27,Rotasi
5974,22544,42,12,2008-06-04,Rotasi
5975,22548,26,31,2021-11-22,Promosi
5976,22553,27,13,2017-12-23,Rotasi
5977,22553,24,13,2023-05-23,Rotasi
5978,22556,11,4,2025-10-13,Promosi
5979,22557,22,39,1996-05-11,Rotasi
5980,22558,6,40,2007-10-09,Alih Tugas
5981,22562,9,12,1989-07-18,Promosi
5982,22562,38,12,1995-01-16,Rotasi
5983,22563,20,2,2000-08-24,Promosi
5984,22567,13,39,2028-02-25,Alih Tugas
5985,22570,28,25,2027-09-23,Alih Tugas
5986,22578,44,31,2025-05-17,Alih Tugas
5987,22588,35,42,2003-09-12,Rotasi
5988,22588,24,42,2008-09-13,Promosi
5989,22605,1,46,2024-03-24,Rotasi
5990,22606,42,13,2008-05-11,Alih Tugas
5991,22606,4,13,2014-01-04,Alih Tugas
5992,22606,33,13,2018-09-18,Rotasi
5993,22619,38,1,2010-09-13,Rotasi
5994,22619,42,1,2013-09-23,Alih Tugas
5995,22624,21,10,2005-12-17,Promosi
5996,22624,35,10,2010-05-03,Rotasi
5997,22624,18,10,2015-06-11,Rotasi
5998,22625,46,3,2026-11-18,Alih Tugas
5999,22651,8,5,2018-05-17,Alih Tugas
6000,22651,13,5,2023-01-12,Promosi
6001,22658,12,26,2008-10-17,Promosi
6002,22658,33,26,2012-10-14,Rotasi
6003,22658,21,26,2015-07-08,Rotasi
6004,22666,40,46,1998-03-01,Promosi
6005,22671,11,43,2021-07-16,Promosi
6006,22673,47,46,2011-10-12,Alih Tugas
6007,22673,13,46,2017-06-19,Rotasi
6008,22687,45,11,2027-04-01,Promosi
6009,22690,2,14,2005-08-27,Promosi
6010,22690,35,14,2011-07-14,Rotasi
6011,22697,30,33,2027-01-23,Rotasi
6012,22723,8,40,2005-02-09,Alih Tugas
6013,22723,24,40,2009-02-22,Rotasi
6014,22723,34,40,2012-04-18,Rotasi
6015,22726,29,32,2016-12-20,Rotasi
6016,22731,8,21,2004-06-25,Rotasi
6017,22732,36,41,2029-07-04,Alih Tugas
6018,22740,35,6,2003-06-10,Alih Tugas
6019,22746,26,22,2026-05-07,Rotasi
6020,22747,42,39,2028-07-12,Rotasi
6021,22754,40,28,2019-01-23,Rotasi
6022,22755,4,28,2008-02-26,Rotasi
6023,22755,1,28,2012-10-14,Alih Tugas
6024,22759,10,5,2024-06-17,Promosi
6025,22761,12,15,2029-11-13,Alih Tugas
6026,22762,3,23,2018-03-23,Alih Tugas
6027,22762,7,23,2023-07-11,Rotasi
6028,22767,47,34,1999-08-06,Promosi
6029,22767,23,34,2004-07-12,Alih Tugas
6030,22769,33,1,2026-01-25,Rotasi
6031,22776,44,5,2027-05-05,Alih Tugas
6032,22789,1,12,2027-09-08,Rotasi
6033,22791,33,12,2018-11-15,Promosi
6034,22791,4,12,2021-12-08,Alih Tugas
6035,22799,47,44,2000-07-02,Rotasi
6036,22799,5,44,2003-10-03,Rotasi
6037,22806,31,10,1999-11-19,Rotasi
6038,22806,28,10,2002-08-16,Rotasi
6039,22819,18,2,2005-04-25,Alih Tugas
6040,22819,13,2,2011-03-03,Rotasi
6041,22825,28,1,2009-03-13,Rotasi
6042,22825,16,1,2014-02-13,Rotasi
6043,22825,23,1,2019-05-27,Alih Tugas
6044,22826,32,39,2024-05-14,Rotasi
6045,22832,1,33,2016-07-23,Promosi
6046,22832,6,33,2021-08-28,Rotasi
6047,22833,30,5,2027-04-24,Promosi
6048,22839,1,8,2007-03-04,Promosi
6049,22841,30,29,1998-06-05,Promosi
6050,22853,13,36,2005-05-13,Alih Tugas
6051,22853,47,36,2008-11-01,Promosi
6052,22853,35,36,2011-07-14,Rotasi
6053,22855,41,33,2004-02-03,Rotasi
6054,22859,11,40,2011-01-23,Alih Tugas
6055,22859,42,40,2017-09-25,Rotasi
6056,22860,32,21,2017-01-03,Rotasi
6057,22860,7,21,2022-09-10,Rotasi
6058,22864,15,20,2006-10-12,Rotasi
6059,22864,25,20,2009-09-26,Rotasi
6060,22864,1,20,2012-11-01,Rotasi
6061,22866,37,40,2027-10-18,Promosi
6062,22878,16,5,2004-08-06,Rotasi
6063,22880,45,30,2012-01-07,Rotasi
6064,22889,3,26,2027-09-15,Promosi
6065,22891,25,45,2018-03-02,Promosi
6066,22891,12,45,2022-11-07,Rotasi
6067,22897,47,28,2028-05-20,Rotasi
6068,22899,26,21,2028-05-26,Rotasi
6069,22901,37,8,2005-12-22,Alih Tugas
6070,22901,23,8,2011-10-24,Rotasi
6071,22901,46,8,2016-02-14,Rotasi
6072,22905,23,11,2021-06-26,Rotasi
6073,22910,29,35,2013-06-10,Rotasi
6074,22915,23,37,2003-05-15,Rotasi
6075,22915,10,37,2007-12-21,Rotasi
6076,22918,20,34,2020-10-02,Alih Tugas
6077,22926,44,38,2026-07-18,Rotasi
6078,22930,21,30,2006-07-26,Promosi
6079,22930,47,30,2012-08-23,Rotasi
6080,22930,6,30,2016-11-14,Promosi
6081,22931,43,32,2021-06-12,Rotasi
6082,22934,22,13,2022-02-11,Promosi
6083,22935,24,29,2017-02-05,Rotasi
6084,22942,38,31,2028-09-06,Alih Tugas
6085,22943,39,41,2004-05-10,Rotasi
6086,22943,7,41,2008-08-10,Rotasi
6087,22943,38,41,2013-02-20,Rotasi
6088,22954,3,2,2013-12-19,Promosi
6089,22954,13,2,2019-06-12,Alih Tugas
6090,22955,2,47,2024-08-03,Rotasi
6091,22966,36,14,2010-02-23,Rotasi
6092,22966,35,14,2016-11-09,Alih Tugas
6093,22971,41,46,2017-12-11,Rotasi
6094,22971,32,46,2021-08-16,Alih Tugas
6095,22975,16,9,2018-07-10,Rotasi
6096,22977,27,37,2018-04-11,Alih Tugas
6097,22982,4,9,2020-03-04,Rotasi
6098,22986,26,3,2016-10-19,Promosi
6099,22988,25,45,2022-11-23,Alih Tugas
6100,23002,8,5,2024-11-12,Promosi
6101,23007,20,15,2017-12-08,Promosi
6102,23010,7,32,2008-01-04,Rotasi
6103,23010,25,32,2011-03-05,Rotasi
6104,23011,12,38,2015-04-01,Promosi
6105,23020,8,4,2006-11-21,Rotasi
6106,23025,7,32,2012-08-23,Rotasi
6107,23025,4,32,2015-12-21,Promosi
6108,23032,41,39,2019-03-18,Rotasi
6109,23036,17,38,1999-11-11,Alih Tugas
6110,23036,7,38,2004-09-20,Promosi
6111,23036,2,38,2009-11-10,Alih Tugas
6112,23044,8,19,2024-03-07,Alih Tugas
6113,23051,20,46,2019-02-21,Promosi
6114,23051,25,46,2025-08-12,Promosi
6115,23057,30,38,2013-05-11,Promosi
6116,23057,30,38,2018-03-11,Promosi
6117,23058,44,16,2027-10-05,Rotasi
6118,23063,3,20,1996-01-25,Rotasi
6119,23063,31,20,1999-06-10,Rotasi
6120,23069,1,3,1995-12-07,Promosi
6121,23069,2,3,1998-07-09,Rotasi
6122,23075,33,38,2010-08-28,Alih Tugas
6123,23077,47,41,2008-04-28,Rotasi
6124,23077,34,41,2014-12-21,Alih Tugas
6125,23081,44,5,2021-04-15,Rotasi
6126,23082,28,22,2021-08-14,Promosi
6127,23084,29,36,2029-09-23,Rotasi
6128,23091,26,43,2008-10-03,Rotasi
6129,23091,26,43,2011-03-10,Rotasi
6130,23091,9,43,2016-08-19,Promosi
6131,23101,9,24,2021-09-20,Rotasi
6132,23104,39,41,2013-08-25,Rotasi
6133,23104,37,41,2016-12-21,Promosi
6134,23118,44,46,2013-11-27,Alih Tugas
6135,23120,4,7,2026-05-27,Rotasi
6136,23130,25,45,2012-08-25,Promosi
6137,23134,43,34,2028-03-02,Promosi
6138,23135,31,23,2019-09-15,Promosi
6139,23135,6,23,2024-02-01,Promosi
6140,23139,30,21,2008-08-15,Promosi
6141,23139,2,21,2011-02-22,Alih Tugas
6142,23139,2,21,2015-08-20,Rotasi
6143,23151,37,24,2012-11-13,Rotasi
6144,23151,18,24,2015-01-18,Alih Tugas
6145,23157,14,11,2026-11-02,Rotasi
6146,23159,46,39,2016-05-27,Promosi
6147,23159,16,39,2022-09-13,Alih Tugas
6148,23161,45,23,2007-01-01,Rotasi
6149,23165,21,2,2028-12-18,Promosi
6150,23169,7,5,2029-02-16,Rotasi
6151,23177,36,6,2024-04-14,Promosi
6152,23186,43,4,2010-08-02,Rotasi
6153,23186,34,4,2016-05-10,Rotasi
6154,23199,18,34,2017-08-23,Rotasi
6155,23199,2,34,2022-07-22,Rotasi
6156,23200,31,7,2004-10-20,Rotasi
6157,23200,12,7,2009-01-09,Rotasi
6158,23200,14,7,2013-10-17,Promosi
6159,23202,25,13,2009-09-02,Promosi
6160,23211,30,15,2013-04-16,Promosi
6161,23216,37,38,2018-11-21,Rotasi
6162,23216,21,38,2021-08-28,Rotasi
6163,23221,8,22,2020-07-13,Promosi
6164,23225,16,37,2005-05-11,Rotasi
6165,23225,45,37,2009-10-25,Alih Tugas
6166,23225,9,37,2014-05-26,Rotasi
6167,23227,43,18,2007-02-22,Rotasi
6168,23234,28,5,2013-11-07,Rotasi
6169,23235,19,45,2029-07-06,Rotasi
6170,23244,1,24,2023-09-04,Rotasi
6171,23250,14,26,2000-05-22,Rotasi
6172,23251,43,19,2023-02-04,Rotasi
6173,23265,46,4,2009-01-08,Rotasi
6174,23267,13,28,2020-12-01,Rotasi
6175,23270,22,34,2000-01-01,Rotasi
6176,23270,29,34,2006-10-15,Promosi
6177,23270,36,34,2010-09-16,Alih Tugas
6178,23271,45,6,2003-03-07,Rotasi
6179,23271,36,6,2007-09-26,Alih Tugas
6180,23271,9,6,2013-04-02,Alih Tugas
6181,23272,35,37,2012-11-03,Promosi
6182,23272,41,37,2016-12-19,Promosi
6183,23274,12,2,2010-11-11,Alih Tugas
6184,23281,34,7,2023-07-15,Promosi
6185,23282,46,20,2013-05-09,Alih Tugas
6186,23292,37,1,2002-03-15,Alih Tugas
6187,23292,10,1,2005-08-22,Rotasi
6188,23292,44,1,2008-03-02,Rotasi
6189,23300,16,13,2008-06-18,Rotasi
6190,23317,7,1,1995-09-15,Promosi
6191,23317,40,1,2000-10-22,Alih Tugas
6192,23321,25,7,2021-09-27,Promosi
6193,23330,4,36,2003-11-12,Rotasi
6194,23335,19,41,2022-03-06,Alih Tugas
6195,23338,33,22,2014-11-07,Alih Tugas
6196,23340,33,13,2018-03-20,Rotasi
6197,23340,44,13,2021-10-11,Promosi
6198,23352,25,31,2024-04-07,Promosi
6199,23377,21,31,2021-08-12,Rotasi
6200,23380,34,35,2023-12-10,Rotasi
6201,23381,12,4,2018-04-01,Rotasi
6202,23381,17,4,2023-04-20,Rotasi
6203,23388,11,8,1994-05-03,Promosi
6204,23391,11,35,2018-12-27,Rotasi
6205,23391,29,35,2021-03-07,Alih Tugas
6206,23392,27,35,2016-02-17,Promosi
6207,23392,29,35,2022-10-06,Rotasi
6208,23408,27,31,2012-10-19,Rotasi
6209,23409,16,47,2003-11-27,Rotasi
6210,23409,18,47,2006-04-05,Promosi
6211,23409,6,47,2012-09-11,Rotasi
6212,23413,21,12,1999-02-10,Rotasi
6213,23417,10,8,2008-12-06,Rotasi
6214,23417,22,8,2012-05-15,Promosi
6215,23417,30,8,2016-09-11,Rotasi
6216,23420,39,43,2019-02-10,Alih Tugas
6217,23421,3,30,2028-07-07,Alih Tugas
6218,23424,27,3,2006-06-19,Alih Tugas
6219,23424,28,3,2009-02-12,Alih Tugas
6220,23424,8,3,2014-05-03,Promosi
6221,23425,33,6,2029-04-25,Rotasi
6222,23442,26,39,1993-05-05,Promosi
